age,sleep_hours,stress_level,caffeine_intake,exercise_minutes,sleep_quality,screen_time,dream_type
56,8.78,1.83,4,20,1.56,1.25,3
41,6.0,1.43,2,21,0.56,5.78,3
19,5.09,1.83,3,57,5.25,3.46,1
59,4.28,9.74,2,107,5.14,4.74,0
68,8.08,4.5,1,3,9.42,4.51,2
43,4.59,6.84,3,70,6.1,6.67,0
34,5.55,6.63,1,5,2.08,4.54,3
35,8.65,9.39,3,13,7.27,2.61,2
57,9.07,7.47,4,23,3.57,2.25,3
58,5.78,1.65,0,70,4.23,3.16,1
28,5.19,7.11,2,32,6.06,7.41,3
45,9.18,6.23,1,32,0.64,2.49,3
52,7.55,2.75,2,64,3.83,7.77,1
22,7.37,7.71,2,8,7.11,0.89,3
68,4.19,6.36,3,95,6.96,1.11,1
32,8.53,2.29,2,114,1.61,7.44,1
23,6.74,2.18,3,29,8.83,2.59,3
42,5.91,1.1,0,26,4.27,6.54,1
56,4.99,5.34,4,96,1.2,2.7,0
49,7.11,7.03,0,61,9.72,7.7,2
19,8.27,1.48,0,58,6.1,4.02,1
54,6.07,6.34,1,52,4.89,7.89,3
21,4.49,3.7,0,37,3.68,5.06,3
28,8.9,7.98,0,58,1.87,0.33,3
53,4.1,5.12,2,19,6.45,1.39,3
56,9.62,1.38,3,56,1.13,7.4,1
52,5.37,1.75,0,115,5.3,1.93,1
29,7.35,8.83,0,104,3.49,5.81,2
41,6.43,8.88,3,74,9.36,6.28,2
52,6.23,9.4,0,92,2.84,2.44,0
52,7.91,2.24,0,67,2.37,2.6,1
25,9.1,6.58,0,47,0.94,2.94,3
63,7.54,9.79,2,53,9.06,3.48,2
50,7.46,4.93,4,60,4.99,4.58,3
34,9.97,4.7,4,5,3.7,0.12,3
66,7.32,5.72,3,96,0.75,2.45,3
50,5.9,1.69,0,105,9.36,5.57,1
41,5.25,6.71,1,26,2.95,2.58,3
26,8.21,3.59,4,41,8.09,6.48,1
30,4.49,0.05,3,44,1.94,0.57,3
31,9.34,3.38,3,97,0.94,4.63,1
42,4.93,9.82,1,57,0.31,0.3,0
60,4.76,5.22,4,59,2.16,4.98,3
62,5.17,4.11,2,54,1.38,1.06,3
59,5.94,7.95,2,91,7.44,2.01,2
40,6.57,6.88,0,57,9.15,3.54,2
65,5.1,9.35,0,15,5.17,5.26,3
46,6.52,2.48,2,100,1.2,2.74,1
64,4.24,8.55,3,68,4.74,0.78,3
56,6.08,4.65,4,22,0.48,7.59,3
69,6.25,6.26,1,95,8.56,5.27,2
41,9.66,9.44,3,31,9.4,4.6,2
50,6.75,5.46,4,11,3.86,7.69,3
61,5.64,2.15,1,114,6.18,2.69,1
46,9.07,0.23,1,114,2.82,0.95,1
62,9.62,0.39,0,20,9.68,4.38,2
41,8.84,9.91,3,81,2.5,4.64,0
49,9.15,4.29,4,22,7.55,0.82,3
37,8.96,3.2,2,18,3.89,0.09,3
29,6.13,9.57,3,82,4.93,0.67,3
29,5.97,6.73,3,52,7.92,6.32,2
59,9.85,9.96,1,4,7.37,4.37,2
64,4.86,7.62,3,16,1.01,0.67,3
59,6.38,8.92,1,4,5.13,1.87,3
62,6.22,8.13,0,44,7.53,3.01,2
61,7.35,4.24,1,18,1.11,3.94,3
45,7.43,7.41,4,104,7.44,5.45,2
66,4.5,5.28,4,5,8.02,7.82,3
64,9.35,5.28,2,100,2.53,5.56,1
64,7.78,6.96,0,116,6.97,3.07,2
28,5.69,9.5,3,23,6.2,2.22,3
43,6.33,2.29,3,91,3.6,2.08,1
34,5.68,4.11,4,91,2.71,1.07,3
23,9.7,7.26,0,65,0.83,7.01,2
22,4.16,3.76,0,17,9.87,1.2,3
42,9.82,8.42,4,32,4.69,3.32,3
65,4.45,6.92,4,94,7.5,7.31,0
54,8.54,3.78,4,77,2.05,2.01,1
21,5.37,6.72,1,91,2.69,0.18,3
20,7.12,8.52,3,4,0.88,6.33,0
64,6.52,7.85,1,74,2.13,1.09,3
55,7.65,6.37,2,50,9.04,2.79,2
41,9.46,2.98,1,50,6.98,6.37,2
34,6.95,2.58,4,33,6.21,2.78,3
60,5.44,0.76,0,22,1.28,1.22,3
25,5.08,6.97,0,66,8.74,4.12,2
68,4.25,1.69,3,41,1.77,0.71,3
58,6.14,8.94,0,77,3.3,2.57,3
64,7.77,0.82,2,62,3.77,0.02,1
25,8.49,1.85,1,27,3.69,3.7,3
31,4.89,1.33,2,110,8.44,6.0,1
35,6.68,5.33,0,118,3.77,0.16,1
56,4.54,5.35,0,16,3.43,3.79,3
58,6.99,0.87,1,110,7.45,3.45,1
58,6.02,9.0,1,58,3.56,7.89,0
50,4.05,2.25,3,93,1.87,2.28,1
26,4.48,5.25,4,35,9.97,7.17,1
28,9.19,8.17,0,93,1.71,5.35,2
32,7.21,4.77,4,43,2.05,7.74,3
37,7.05,2.42,0,89,7.68,0.7,1
53,5.92,5.94,1,119,1.34,0.51,1
30,8.11,0.88,4,72,7.6,4.77,1
52,6.09,9.3,3,107,4.09,7.46,0
51,5.09,0.66,3,63,7.82,6.62,1
47,8.95,1.86,2,77,5.23,2.87,1
42,8.1,4.52,2,37,5.4,3.51,3
34,9.4,3.84,4,103,2.29,4.34,1
20,7.77,3.35,3,14,8.79,3.96,3
44,8.73,1.52,0,100,7.79,1.15,1
19,8.57,8.77,0,117,8.21,0.89,2
41,7.62,5.02,4,28,2.29,5.78,3
48,7.59,5.66,1,42,5.99,6.61,3
57,7.5,4.01,1,45,6.15,7.29,3
35,7.67,0.18,3,42,9.32,4.52,1
54,8.24,1.53,3,30,6.07,3.39,1
57,9.04,9.11,0,45,2.36,1.32,3
40,9.53,8.7,2,39,6.08,3.03,2
27,8.82,0.05,0,34,3.98,4.3,1
19,6.79,4.81,2,16,5.87,0.26,3
41,7.47,1.66,4,87,3.11,6.24,1
43,4.08,6.64,0,83,4.59,4.46,0
57,7.01,5.95,4,93,7.5,1.68,1
49,6.81,6.25,4,29,8.37,4.7,3
68,6.72,5.24,3,112,4.01,4.48,1
18,6.01,0.76,2,31,2.72,7.18,3
50,4.15,1.56,1,6,6.59,0.22,3
41,5.18,5.06,0,110,5.69,7.1,1
25,4.6,2.43,2,15,3.97,5.34,3
48,5.94,0.87,1,6,7.36,6.79,3
36,7.5,4.21,1,0,8.17,2.73,3
19,6.18,0.34,3,4,3.45,6.19,3
61,5.32,9.75,3,23,1.14,4.53,0
40,8.8,4.25,2,80,2.69,4.33,1
56,5.31,6.45,3,25,5.26,1.37,3
28,8.94,5.3,1,99,4.98,0.54,2
55,8.98,2.06,1,85,1.37,7.2,1
57,5.5,6.33,4,70,5.73,6.7,0
63,4.28,1.66,2,64,0.83,4.83,3
38,9.02,4.37,3,112,7.22,4.88,1
64,9.72,1.35,0,35,5.4,1.3,1
34,6.98,5.97,1,72,7.71,0.85,2
34,6.48,7.05,1,24,2.46,6.55,3
61,9.81,0.05,3,18,3.15,6.46,1
34,9.7,4.46,3,61,9.58,6.07,2
34,7.95,6.92,0,81,4.89,1.77,2
62,8.02,0.44,0,22,5.56,3.79,1
32,8.18,2.97,1,58,9.44,3.79,1
56,6.73,5.22,0,13,5.96,1.84,3
51,9.31,5.3,1,54,4.04,4.58,2
21,8.74,3.19,1,32,8.86,4.93,2
52,9.22,0.21,4,12,3.84,7.46,1
63,6.1,7.67,4,61,4.8,5.02,0
64,6.39,0.92,3,4,7.32,0.03,3
47,9.12,7.16,4,24,2.77,7.28,3
32,6.31,6.8,3,58,9.5,6.29,2
23,9.89,8.84,2,61,6.13,1.34,2
25,9.66,6.5,4,114,5.13,1.85,1
43,4.22,9.57,4,4,6.3,1.73,0
37,9.97,1.74,1,34,7.58,5.57,2
49,6.78,6.23,4,110,0.35,7.16,0
28,9.26,2.66,3,28,8.89,7.65,1
26,5.97,9.32,2,58,2.81,2.02,3
22,4.29,5.33,4,59,1.09,7.16,0
67,6.97,4.81,4,114,8.25,2.78,1
44,9.19,7.34,2,79,6.58,6.8,2
58,6.0,2.39,4,41,1.06,5.59,3
22,9.29,8.72,2,30,8.26,1.03,2
47,9.45,0.01,1,77,7.57,2.07,1
30,7.7,9.81,0,103,2.6,5.07,2
52,4.77,2.83,1,104,9.63,2.73,1
47,8.52,7.89,3,95,7.71,7.58,2
29,4.4,5.82,0,21,6.21,0.37,3
64,9.81,7.5,2,51,7.58,0.2,2
23,6.23,8.19,2,57,0.01,1.27,3
21,6.56,4.51,4,28,2.98,6.72,3
37,7.93,2.73,0,107,0.31,5.85,1
54,7.83,3.98,0,68,9.84,3.27,2
32,8.48,2.0,0,24,7.15,4.5,2
44,9.81,1.86,0,92,7.77,6.17,1
69,4.11,7.97,3,52,9.12,7.74,0
32,6.89,1.17,0,107,2.48,4.47,1
39,7.49,2.69,2,63,4.55,0.09,3
35,6.88,6.0,2,44,7.57,7.62,2
28,6.88,1.05,0,75,9.87,1.14,1
39,5.26,3.46,1,96,5.18,0.7,1
50,8.95,3.58,1,37,5.68,5.52,2
51,4.25,6.7,2,60,7.06,0.25,3
56,7.68,2.99,3,7,9.47,5.0,2
64,8.89,0.8,3,79,5.48,6.54,1
20,4.24,1.64,2,81,0.6,1.98,1
62,7.69,3.29,3,44,1.82,6.32,3
68,4.97,0.21,2,21,3.32,4.34,3
45,5.2,6.8,4,53,0.31,2.06,3
47,9.76,4.16,3,36,3.46,2.97,3
41,7.26,5.14,0,35,0.29,3.16,3
32,9.4,4.22,1,114,5.92,7.3,1
62,6.79,8.36,0,98,7.76,3.24,2
59,5.43,9.71,4,68,0.69,3.5,0
64,7.56,5.79,3,1,0.95,5.22,3
45,5.55,6.57,0,39,5.99,3.17,3
48,5.42,0.73,1,92,3.37,6.63,1
37,7.53,9.49,0,63,3.59,3.03,2
64,7.98,4.75,0,119,8.06,4.68,1
61,7.24,0.34,1,72,5.31,7.49,1
52,6.71,9.34,4,32,5.07,0.33,3
67,9.79,0.05,1,88,6.39,6.94,1
64,7.13,3.43,3,22,0.3,2.46,3
59,8.4,1.62,4,0,7.31,1.25,3
64,5.06,6.93,1,42,6.83,3.98,3
25,9.19,7.69,2,71,7.96,7.35,2
48,7.95,3.94,4,104,1.07,5.26,1
23,5.91,8.66,0,47,7.52,0.72,2
28,9.27,4.04,3,101,4.38,7.21,1
40,6.61,8.18,0,84,3.25,2.93,3
38,6.28,5.48,0,48,5.46,3.56,3
28,7.62,6.68,1,65,4.63,3.04,3
65,9.08,9.14,4,25,1.09,1.19,3
32,7.2,6.08,1,107,9.56,0.15,2
33,7.88,8.98,0,35,9.27,0.48,2
39,5.17,1.66,3,111,5.23,5.36,1
45,7.23,3.11,3,29,7.16,2.18,3
42,7.13,1.23,3,73,8.0,1.48,1
66,7.4,2.57,3,83,4.84,6.45,1
62,7.8,9.51,4,85,5.94,6.35,0
41,6.47,8.4,0,25,2.56,2.42,3
53,6.54,6.68,1,18,6.24,3.61,3
64,5.41,8.69,0,118,5.35,1.43,2
52,7.64,5.47,1,72,3.91,4.76,3
19,5.65,5.97,1,66,4.43,3.57,3
28,9.95,1.28,2,67,7.24,4.63,1
63,5.59,6.45,3,2,4.01,2.94,3
56,4.42,5.19,1,59,8.0,1.87,3
55,7.56,6.8,3,57,3.33,5.36,3
19,6.18,9.95,3,7,5.8,0.71,3
46,8.14,2.01,1,61,4.23,6.57,1
33,7.99,7.95,4,22,3.99,1.22,3
57,8.61,2.44,4,83,6.24,0.71,1
50,7.65,5.07,3,97,0.63,0.94,3
62,6.16,0.88,2,72,5.1,6.6,1
43,7.6,5.16,2,21,4.97,7.94,3
59,7.01,3.97,1,44,3.81,7.02,3
23,4.85,2.12,0,14,4.03,1.39,3
35,9.74,5.73,1,24,5.75,3.83,2
48,6.92,6.06,4,51,5.03,3.19,3
51,4.41,0.26,0,78,9.63,4.4,1
49,7.57,9.36,3,17,2.78,6.81,3
60,7.72,6.5,2,30,0.61,6.25,3
19,6.91,7.54,0,86,2.39,1.14,3
63,4.61,6.92,3,96,5.09,7.97,0
56,5.32,1.74,3,37,4.26,1.05,3
52,6.21,4.14,4,85,9.64,1.99,1
38,4.12,2.6,1,86,1.37,4.28,1
38,9.01,6.29,4,81,0.65,0.34,3
66,7.29,4.54,3,54,1.49,1.02,3
65,8.42,4.76,0,92,3.94,3.68,1
30,4.8,1.02,0,40,6.88,3.5,1
27,9.58,2.53,4,27,6.37,5.27,1
25,5.36,8.89,4,82,1.06,7.91,0
25,4.25,0.85,2,0,0.72,0.57,3
22,7.05,3.88,3,10,9.71,7.54,2
68,5.04,0.98,1,37,0.83,4.12,3
25,8.62,6.25,1,78,2.06,0.97,3
31,4.42,9.6,1,9,7.99,2.34,3
30,7.49,7.48,3,97,1.28,2.71,0
26,6.23,4.32,3,88,1.64,2.19,3
61,5.18,8.87,4,98,6.71,2.54,0
29,9.51,2.52,4,20,9.78,5.99,2
40,7.94,1.77,2,88,9.37,0.35,1
46,8.11,0.92,1,94,4.88,1.21,1
39,7.25,5.9,2,62,1.06,1.21,3
61,7.82,7.61,1,57,0.09,1.97,3
18,5.67,1.94,1,97,2.04,4.44,1
56,7.69,6.88,4,8,5.54,0.04,3
29,8.47,2.02,1,52,3.68,2.62,1
23,9.26,9.96,3,110,4.49,5.78,2
52,4.83,6.63,4,73,6.2,2.84,3
37,6.41,8.74,4,13,7.23,0.83,3
69,7.36,6.03,1,29,8.05,2.16,3
66,7.82,1.49,4,75,7.85,5.66,1
36,6.64,1.47,0,54,2.36,2.97,3
45,8.41,9.98,3,117,6.43,3.37,2
65,5.07,6.86,3,74,7.4,7.6,2
69,6.17,3.35,4,106,0.24,6.65,1
34,9.58,7.83,2,41,8.53,1.8,2
54,6.89,4.35,4,99,1.33,0.64,3
67,9.46,7.8,3,69,0.57,1.8,3
48,9.54,4.72,4,29,2.83,0.36,3
24,5.48,9.06,1,79,3.71,3.43,0
23,4.39,4.88,2,83,6.2,4.5,1
67,6.47,3.47,1,31,6.64,7.71,3
24,6.36,8.28,0,36,9.81,2.05,2
43,5.15,3.38,2,88,9.47,7.74,1
50,4.91,2.25,1,70,6.84,4.36,1
51,6.42,5.43,0,16,6.13,1.81,3
27,4.99,9.46,0,65,0.98,6.9,0
56,7.27,0.62,3,58,4.59,0.42,1
49,5.55,1.65,3,109,7.54,0.14,1
32,9.28,8.71,2,104,5.6,6.01,2
19,4.39,4.64,3,96,3.91,6.39,1
40,8.93,3.8,2,68,9.64,1.63,2
41,6.14,7.57,4,84,3.12,5.14,0
63,7.2,1.58,3,69,7.93,2.53,1
20,9.38,1.69,0,91,2.02,1.47,1
65,4.91,4.4,2,31,1.18,5.92,3
18,6.51,9.84,4,29,6.35,1.33,3
48,7.94,1.3,4,24,0.93,0.23,3
43,4.48,7.31,4,91,8.58,6.55,1
36,8.56,9.88,1,46,6.52,2.51,2
39,8.97,3.35,1,111,7.12,6.61,1
38,6.52,9.05,2,46,1.91,4.91,0
39,8.43,8.06,2,34,0.31,5.91,3
52,8.12,0.7,0,19,2.27,6.7,3
20,8.16,5.13,4,98,7.63,3.27,1
53,9.23,7.66,2,76,8.99,5.21,2
44,7.36,1.11,3,116,5.47,3.04,1
31,6.87,0.18,1,101,2.8,6.87,1
68,8.96,6.99,3,83,9.82,4.97,2
36,9.24,1.13,4,60,0.68,2.11,1
50,6.81,3.01,2,52,2.97,2.4,3
21,4.39,8.77,1,104,3.3,2.72,0
33,5.44,7.95,3,34,2.68,6.31,0
38,4.38,8.31,2,43,1.15,0.75,0
21,9.21,0.65,0,7,5.17,3.44,2
29,6.79,1.38,2,25,1.65,1.36,3
55,7.55,7.03,3,54,5.12,0.83,3
62,9.82,2.63,1,90,7.44,4.05,1
23,9.35,0.03,4,11,6.04,7.26,1
59,9.83,3.31,0,98,1.96,4.89,1
66,7.1,0.06,0,61,8.33,6.75,1
56,8.82,5.72,1,106,0.44,2.22,1
66,7.7,1.14,2,58,5.07,6.99,1
28,4.27,4.51,4,0,3.9,5.84,3
62,7.65,3.09,4,89,9.55,6.57,1
44,4.01,7.18,0,46,8.72,2.05,2
50,6.74,3.69,2,110,4.19,6.01,1
68,6.13,9.42,4,104,6.46,7.1,0
31,7.82,9.13,0,38,8.74,5.79,2
19,7.18,8.29,1,80,6.95,4.26,2
62,6.4,9.1,0,94,4.67,6.53,2
38,8.15,4.3,2,44,2.75,2.45,3
61,8.79,8.22,3,43,9.17,3.45,2
65,4.07,3.7,3,32,5.26,4.09,3
24,4.86,8.9,0,46,1.54,0.2,3
45,4.04,3.86,2,10,3.11,5.42,3
51,9.05,5.8,0,30,6.88,1.12,2
41,7.03,9.64,3,25,0.39,0.25,3
59,6.37,3.13,4,14,4.88,1.04,3
54,9.74,3.14,3,17,8.27,7.87,2
64,4.91,0.31,3,68,1.54,4.43,1
39,5.48,8.39,2,41,8.27,5.67,2
38,6.05,2.7,3,10,5.58,2.78,3
41,10.0,1.51,1,10,2.07,6.26,1
35,7.74,5.69,1,18,2.01,3.16,3
34,8.27,9.07,2,116,5.99,2.83,2
38,8.48,5.49,4,80,6.81,3.73,1
23,4.89,4.63,3,107,7.55,3.94,1
53,5.71,2.03,2,74,9.19,2.9,1
31,6.74,4.43,3,6,9.56,1.6,3
69,4.02,6.4,0,95,2.4,2.5,3
22,7.06,6.27,1,95,9.29,0.24,2
27,4.81,2.99,3,65,3.33,5.86,1
47,4.05,9.98,1,112,0.9,0.02,0
53,9.0,7.4,4,12,7.53,6.15,2
18,9.08,6.14,0,33,0.78,3.26,3
55,5.84,5.49,3,76,9.48,0.58,1
55,5.8,0.77,1,105,2.42,3.83,1
43,6.42,2.95,3,33,2.81,6.43,3
44,4.13,5.83,0,16,6.4,7.83,3
36,7.89,1.23,0,54,5.03,3.59,1
25,7.33,6.37,1,13,4.63,1.88,3
32,7.32,5.2,4,58,7.75,2.17,3
31,9.29,8.24,2,104,7.49,2.54,2
46,4.28,2.76,0,86,5.83,3.74,1
61,8.45,3.16,2,64,1.3,4.52,1
21,8.73,8.92,4,82,9.1,3.02,2
54,4.7,0.42,4,32,9.3,6.75,1
64,5.0,7.13,4,100,9.66,6.09,1
64,9.66,2.69,3,82,6.34,8.0,1
65,6.31,8.66,2,46,1.11,5.08,0
58,4.31,7.68,1,100,8.22,6.8,2
26,9.22,7.3,0,99,6.78,4.86,2
41,9.58,1.26,2,27,9.75,0.42,1
18,9.34,2.87,2,12,0.58,0.89,3
61,4.6,6.88,4,36,9.11,6.71,0
31,6.48,4.93,0,11,5.95,0.08,3
53,4.25,3.98,0,83,4.55,2.14,3
45,9.86,1.26,4,41,7.7,6.46,1
23,6.61,3.32,0,32,7.39,1.79,3
29,4.01,3.0,3,76,9.74,6.78,1
28,8.98,6.06,4,85,1.52,7.2,0
46,5.48,4.84,3,86,6.72,4.66,1
22,7.18,6.51,2,14,5.61,6.22,3
43,5.17,1.41,1,24,7.81,4.63,1
25,7.82,3.88,3,74,2.6,2.76,3
41,8.35,5.39,0,45,0.62,1.18,3
69,5.38,0.45,0,49,3.02,6.09,1
38,9.77,6.21,1,77,5.47,3.46,2
47,9.18,4.81,4,106,6.74,1.1,1
67,9.12,2.42,0,15,6.37,3.99,2
43,7.14,2.19,4,88,9.19,1.41,1
35,9.89,1.9,2,28,9.08,7.55,2
33,9.86,7.57,4,105,4.77,5.75,2
18,6.75,7.81,3,87,7.64,6.84,2
54,4.05,3.57,3,41,8.05,0.37,3
57,9.09,7.29,2,21,4.29,0.23,3
30,4.0,9.01,2,33,9.93,0.36,2
66,7.81,0.91,2,98,9.51,4.62,1
35,9.95,3.86,4,90,4.16,6.78,1
43,9.51,1.02,1,58,2.21,0.31,1
34,4.89,6.8,0,92,4.31,5.75,2
38,7.1,7.59,2,108,3.53,7.15,0
57,6.41,7.63,1,83,4.98,1.64,3
58,5.77,5.94,3,109,0.71,0.55,3
54,6.76,0.95,2,39,0.48,5.81,3
41,7.93,1.52,0,48,5.39,2.26,1
22,6.35,5.47,0,56,5.9,0.49,3
27,5.2,2.04,4,60,4.37,7.06,1
21,9.8,2.24,3,110,4.16,6.07,1
47,5.95,7.13,2,50,1.82,2.97,3
53,9.91,7.54,4,53,5.91,5.29,2
48,8.52,0.21,1,8,2.69,5.03,3
34,7.61,2.97,0,20,5.6,6.25,3
68,6.22,9.33,1,103,1.8,0.79,0
64,8.17,7.29,0,80,0.31,0.42,3
23,6.01,9.79,2,80,7.01,5.82,0
18,5.87,4.83,3,31,3.87,7.25,3
60,9.03,0.11,1,32,9.7,3.5,1
46,8.9,5.46,0,39,0.52,4.04,3
23,4.71,9.62,2,18,3.97,1.05,3
37,8.06,6.25,1,119,8.16,4.01,2
31,7.75,5.72,2,50,0.12,5.39,3
66,4.12,3.91,4,26,4.12,7.48,3
45,6.43,0.68,2,32,2.86,3.46,3
22,4.43,2.05,3,32,6.42,5.37,1
31,8.69,7.85,4,119,9.9,2.6,2
58,9.88,0.68,4,73,1.79,7.77,1
58,8.43,7.05,0,48,3.47,3.18,3
27,7.1,7.4,1,23,6.57,7.75,3
56,5.03,9.26,3,90,4.3,5.57,0
52,7.89,2.67,1,21,9.65,2.01,2
50,8.03,5.84,2,99,2.5,0.02,3
36,4.64,1.55,2,21,9.39,0.05,1
53,8.21,6.8,3,64,0.15,4.66,3
53,9.64,2.2,0,108,6.17,5.92,1
55,4.61,0.08,1,34,8.9,0.67,1
64,5.55,4.34,0,26,0.09,4.72,3
58,5.45,7.14,0,116,8.77,5.91,2
50,5.29,2.71,1,39,3.55,3.4,3
50,8.04,0.81,1,81,8.05,6.58,1
30,8.72,3.97,0,118,7.38,4.17,1
59,6.56,2.06,2,88,3.34,6.92,1
54,8.0,7.87,4,1,6.3,1.99,3
57,6.66,6.49,4,78,0.64,6.6,0
28,7.59,2.01,4,106,4.91,7.42,1
20,6.46,6.55,0,101,1.59,1.28,3
27,9.66,7.47,2,108,8.26,3.57,2
18,5.86,2.5,1,22,2.55,5.94,3
41,8.74,3.08,4,35,6.32,2.99,3
33,9.26,1.03,0,5,5.53,4.03,2
22,8.06,8.38,2,29,4.39,4.88,3
54,6.47,7.22,3,110,4.89,3.44,1
38,8.31,7.32,1,93,1.61,0.67,3
60,8.39,8.82,1,9,6.35,4.66,3
59,7.65,2.45,2,117,2.2,7.68,1
26,6.49,4.29,2,66,6.96,5.62,3
67,5.97,5.47,0,33,0.22,7.56,3
46,6.63,9.8,0,70,1.14,6.12,0
66,9.71,7.76,0,42,0.69,3.79,3
60,8.13,2.53,0,53,7.23,4.29,1
39,9.06,4.85,2,117,7.92,3.61,1
19,6.43,4.84,2,52,4.1,5.18,3
65,5.25,0.42,3,110,5.42,7.74,1
66,4.44,3.75,4,117,4.33,7.98,1
46,6.68,0.7,2,54,3.7,3.71,1
48,8.25,0.08,2,1,6.62,3.87,3
51,8.64,5.48,0,35,7.67,4.67,2
62,6.1,6.77,3,80,0.15,1.66,3
24,7.97,3.47,4,57,9.08,6.07,1
43,9.33,5.79,1,75,4.74,5.73,2
25,7.53,1.85,4,58,8.62,6.95,1
28,5.13,0.77,1,49,3.83,6.57,1
49,6.59,5.49,0,110,6.37,5.99,2
47,5.62,1.91,1,109,2.19,4.76,1
56,8.66,8.22,3,100,7.48,1.2,2
54,5.56,0.34,4,95,2.43,4.46,1
67,8.7,4.29,2,119,3.25,7.21,1
55,4.57,7.48,0,53,7.07,7.74,2
29,5.96,7.48,4,73,0.06,3.73,0
33,6.47,1.3,3,74,3.6,6.27,1
65,5.87,0.16,1,48,7.62,0.31,1
60,4.03,9.38,4,84,4.02,3.12,0
46,8.54,4.42,1,60,3.89,1.83,3
41,6.27,3.71,3,68,6.33,3.75,1
67,7.9,8.04,3,37,5.93,0.43,3
35,6.17,8.64,2,20,6.32,0.44,3
42,7.89,2.75,2,64,6.36,4.79,1
29,4.25,5.8,0,92,9.49,0.48,2
50,7.66,7.0,3,39,8.03,7.69,2
43,6.41,1.54,4,48,2.77,7.37,1
25,4.57,5.94,3,7,0.67,1.85,3
37,9.29,8.83,2,6,5.02,7.81,3
44,8.42,2.87,0,34,2.01,1.73,3
48,9.84,4.65,4,93,1.28,2.78,1
29,8.9,8.53,4,18,5.52,6.32,3
51,6.85,0.55,1,31,1.67,1.18,3
57,4.69,0.09,2,109,6.31,1.76,1
27,5.54,3.55,4,12,0.63,1.68,3
48,8.66,0.76,1,30,3.02,4.51,1
22,6.87,7.81,2,43,2.74,3.9,3
48,5.84,8.22,1,52,4.19,3.67,3
65,7.28,9.92,0,14,1.99,0.36,3
30,9.94,8.9,3,89,1.95,3.92,0
29,6.9,8.38,0,98,8.0,0.99,2
42,7.08,9.03,4,80,8.18,4.08,2
43,9.22,4.03,3,38,9.32,5.93,2
55,9.13,1.65,2,27,4.91,3.25,1
49,9.56,9.7,0,5,3.75,6.38,2
29,7.34,8.45,4,61,9.89,0.2,2
38,9.24,2.5,3,12,6.23,4.8,3
69,8.5,1.52,0,0,3.51,0.75,3
67,9.69,9.45,2,89,7.86,4.72,2
45,8.56,1.54,1,117,4.3,4.78,1
49,6.25,7.08,1,12,6.74,6.1,3
34,7.06,6.15,0,51,5.1,4.01,3
69,5.67,8.53,0,53,9.96,6.37,2
33,5.42,0.5,0,108,1.12,4.87,1
29,6.28,8.01,2,10,5.68,5.21,3
46,9.14,8.35,1,101,0.19,6.61,0
58,5.7,4.19,0,20,9.61,5.34,2
45,7.58,6.53,3,65,6.2,4.8,3
39,5.66,2.82,1,12,0.1,5.73,3
63,8.77,2.78,2,27,2.61,2.75,3
29,5.11,3.73,3,37,0.62,0.74,3
29,5.64,3.41,4,24,9.13,1.52,3
59,9.43,6.48,1,82,9.04,6.54,2
33,8.71,4.62,0,52,2.49,5.74,3
67,9.37,9.09,0,117,1.91,1.48,2
42,9.18,8.22,4,61,4.86,0.94,2
63,7.58,4.34,4,87,1.17,4.37,1
65,5.31,0.15,2,17,1.06,6.98,3
20,6.47,5.61,3,112,0.83,2.03,1
62,4.45,3.62,2,108,5.85,1.81,1
19,8.43,0.32,2,91,2.23,6.98,1
25,5.78,9.38,3,93,2.6,7.76,0
64,4.87,1.16,0,75,5.24,1.75,1
18,5.52,5.78,1,20,7.45,0.61,3
33,6.18,8.06,0,117,2.09,0.68,2
31,9.48,5.66,4,14,8.24,3.08,2
52,4.1,6.79,1,48,4.21,4.81,3
43,6.45,1.61,1,17,3.32,7.42,3
24,6.51,1.16,2,62,9.38,5.29,1
36,5.39,6.81,1,47,0.47,2.56,3
24,5.53,1.06,3,12,5.32,4.3,3
32,6.37,1.82,2,79,8.27,0.34,1
45,7.11,7.1,2,117,3.18,7.75,1
56,5.32,8.86,3,114,3.8,2.53,0
47,8.51,5.31,4,116,4.28,5.85,1
62,7.95,0.08,1,109,1.08,6.15,1
59,9.07,4.84,0,100,9.02,1.72,2
20,8.97,7.13,3,62,3.95,5.83,2
39,8.92,4.41,0,83,3.82,4.95,2
59,4.15,6.04,0,17,1.2,7.51,3
36,9.32,4.2,3,86,4.17,1.28,1
65,6.65,7.97,1,109,3.93,0.8,3
31,4.96,3.36,1,98,2.35,6.64,1
24,4.81,2.31,1,75,0.36,7.42,1
33,7.44,3.93,4,58,5.83,0.09,3
64,5.49,6.98,3,76,5.66,0.05,3
44,8.26,2.71,3,11,4.1,1.31,3
34,5.36,8.17,4,89,0.95,3.6,0
29,5.72,2.8,1,70,0.51,3.94,3
20,6.91,6.94,3,18,2.16,1.67,3
69,7.28,7.34,3,1,4.08,5.44,3
53,7.51,3.38,1,12,2.47,7.81,3
69,9.37,2.97,2,18,6.48,7.0,2
37,8.04,8.24,1,4,1.56,5.9,3
21,5.62,0.81,1,8,1.56,7.91,3
47,6.11,7.62,4,60,6.38,7.88,0
69,6.68,6.19,0,95,8.51,1.61,2
60,5.67,1.29,4,3,6.03,4.19,3
34,9.34,9.92,0,46,2.1,6.12,2
41,7.07,0.61,2,39,0.93,7.71,3
20,8.06,5.94,1,48,6.83,4.6,2
55,4.86,0.18,1,59,9.43,2.59,1
59,5.51,6.5,4,21,1.22,5.61,3
33,6.05,4.79,1,11,3.32,3.72,3
49,8.84,8.42,3,65,4.26,4.39,2
44,7.8,8.06,1,28,8.06,4.74,2
56,7.0,0.69,4,17,1.27,6.4,3
39,4.86,7.15,3,21,5.25,5.58,3
42,5.85,8.38,3,17,5.81,2.03,3
33,5.31,6.62,2,77,4.42,0.34,3
34,7.99,5.57,3,16,8.32,7.35,2
62,9.37,6.45,2,77,1.18,0.0,3
34,7.33,1.48,4,83,5.66,4.12,1
42,6.3,6.66,4,90,2.4,0.76,3
40,4.49,8.3,2,28,0.88,0.53,3
20,8.87,3.27,0,80,4.89,6.88,1
65,4.8,6.32,2,68,5.78,5.55,3
26,8.82,4.26,2,101,0.93,6.24,1
39,5.85,4.92,4,85,2.33,1.81,3
43,4.65,4.78,2,76,5.41,0.69,3
56,9.85,4.74,2,25,2.96,7.46,3
36,8.14,2.52,0,41,1.54,7.82,3
69,8.38,3.65,2,102,4.66,1.52,1
63,6.02,9.42,4,45,7.32,7.39,0
69,8.05,3.96,0,6,4.54,3.3,3
40,8.74,3.18,2,110,3.46,6.53,1
50,7.04,1.62,3,16,1.06,0.91,3
62,4.69,8.83,2,101,3.87,5.28,0
69,6.38,4.55,0,105,7.3,1.08,1
27,6.86,6.02,4,49,4.01,2.7,3
51,4.23,6.2,1,3,5.52,4.76,3
52,4.7,2.54,3,49,5.3,5.43,1
35,5.03,8.79,2,46,8.7,2.97,2
56,9.64,7.55,0,3,2.01,2.52,3
29,8.97,7.83,4,70,6.78,2.58,2
43,5.06,7.22,2,100,4.23,7.97,0
59,6.89,8.1,2,38,9.83,0.69,2
50,7.4,3.52,1,51,0.24,0.93,3
24,9.41,3.83,4,57,4.43,0.39,1
21,5.2,2.64,1,92,0.68,1.75,1
59,8.71,5.99,2,15,8.66,1.32,3
68,7.75,5.72,4,21,0.6,4.83,3
49,9.02,5.43,1,14,6.25,0.1,3
27,5.21,3.87,3,110,8.55,7.62,1
25,9.03,1.45,3,50,0.62,0.57,1
30,9.97,2.02,4,116,0.49,0.78,1
58,9.42,5.25,3,0,3.3,4.71,3
66,4.46,1.7,0,59,1.23,4.15,3
40,9.94,6.84,2,24,1.43,3.06,3
35,8.03,1.7,3,50,3.31,6.13,1
49,4.14,3.35,0,97,0.41,7.74,1
41,5.89,3.93,4,68,0.97,1.43,3
19,7.53,1.12,3,110,4.37,5.02,1
36,9.96,2.41,4,43,4.9,5.05,1
39,5.09,7.99,1,75,7.31,3.36,2
36,7.13,0.68,0,36,6.92,1.12,1
33,8.05,6.19,3,53,0.59,5.06,3
62,4.8,1.59,4,25,9.07,7.93,1
40,5.82,7.31,2,22,5.89,7.51,3
32,4.97,4.72,2,44,2.25,0.55,3
68,6.13,7.8,3,90,2.61,5.56,0
48,5.17,5.13,4,76,4.41,2.54,3
45,7.6,5.14,0,57,0.06,3.97,3
55,4.55,3.19,1,39,1.29,4.59,3
36,7.75,5.51,4,87,5.21,7.17,1
62,6.97,1.22,1,88,3.16,5.02,1
42,8.5,9.13,0,41,1.81,2.15,3
35,5.84,5.55,4,69,6.15,0.65,3
59,8.64,7.15,1,59,0.15,2.88,3
21,7.9,6.69,0,25,9.33,0.16,2
69,8.24,6.63,1,110,6.79,7.45,2
27,5.25,1.33,2,111,3.2,0.46,1
28,5.32,1.38,4,35,5.0,5.4,3
26,8.56,3.13,3,22,6.2,6.43,3
46,5.82,7.82,0,30,9.66,3.15,2
19,9.79,4.28,3,105,7.26,2.94,1
28,7.87,7.45,2,85,4.05,2.15,3
33,8.87,8.25,0,107,8.97,6.77,2
55,7.85,0.26,0,88,9.03,2.14,1
35,5.9,8.09,1,16,3.02,6.87,0
51,5.64,9.12,1,86,8.53,2.63,2
63,7.87,5.11,2,97,0.64,1.42,3
68,9.71,3.29,2,71,8.71,2.32,1
24,4.79,7.05,3,34,8.73,1.35,3
44,9.76,2.18,3,86,1.68,6.69,1
67,6.41,5.78,2,80,4.61,6.63,3
69,9.6,4.02,4,60,3.63,7.03,1
40,7.67,3.06,1,78,0.71,2.8,1
25,8.17,6.3,4,104,1.32,7.82,0
47,9.47,2.22,1,61,2.56,4.22,1
35,6.64,8.8,4,24,1.38,7.86,0
34,6.71,8.69,4,83,4.22,6.28,0
33,9.12,6.74,2,16,2.77,0.37,3
56,5.93,5.96,0,68,2.6,0.01,3
54,5.23,4.19,0,65,0.0,7.32,0
39,8.93,7.53,2,109,8.76,5.78,2
18,4.71,5.12,1,26,3.75,4.97,3
58,8.5,9.18,1,86,7.5,2.2,2
35,6.71,7.39,2,38,8.15,7.02,2
68,4.19,5.35,3,66,8.08,2.57,1
23,5.49,5.38,0,51,8.63,2.14,2
26,4.04,4.03,2,55,8.19,2.7,1
55,9.95,9.51,0,23,5.38,1.48,2
52,6.18,4.39,2,83,8.08,5.9,1
18,9.72,0.6,1,16,3.15,5.39,1
39,8.31,2.84,0,43,0.21,6.09,3
38,7.27,0.78,2,0,2.47,6.88,3
57,5.27,1.16,3,73,5.02,0.12,1
24,5.2,2.84,1,45,9.53,6.04,1
49,8.15,1.68,4,80,5.03,6.37,1
37,7.98,1.18,1,69,7.93,1.76,1
40,5.64,9.56,3,26,3.52,0.34,3
44,9.69,1.41,1,96,5.08,4.96,1
46,6.06,6.28,4,33,4.5,4.25,3
49,8.18,9.24,0,0,5.62,5.37,3
27,4.89,5.96,3,20,3.82,1.06,3
64,5.8,6.43,0,31,3.63,6.59,3
63,6.83,4.73,3,113,8.84,2.74,1
39,4.43,5.76,2,73,7.25,2.88,3
58,4.48,1.47,0,16,2.32,6.79,3
41,5.85,9.26,4,49,9.66,1.65,2
38,6.66,2.82,1,108,8.77,5.83,1
62,5.97,3.72,0,28,3.39,7.62,3
64,9.29,0.5,2,14,2.17,6.98,3
43,6.54,3.42,3,48,4.45,3.91,3
59,7.32,2.99,3,48,3.12,5.8,3
43,6.18,7.94,4,117,6.23,5.93,1
18,4.31,4.02,1,71,7.49,2.86,1
33,7.97,2.19,1,89,5.96,3.88,1
37,5.3,9.67,4,25,9.57,3.42,0
29,9.77,5.36,1,107,1.23,1.65,1
19,4.13,3.58,4,22,3.88,1.11,3
37,8.37,6.0,3,39,7.7,7.8,2
51,9.62,5.16,4,63,1.78,0.87,3
47,5.95,1.92,2,5,2.07,6.81,3
24,9.09,1.82,2,68,7.07,4.28,1
46,5.72,5.18,4,10,7.04,7.43,3
31,5.59,6.96,3,118,2.59,0.42,1
34,8.75,8.12,0,11,0.57,1.4,3
38,7.7,9.7,4,18,9.23,6.1,2
25,5.97,4.87,0,11,4.9,4.23,3
53,5.19,8.05,3,92,3.86,4.05,0
67,5.66,5.58,1,93,9.33,7.38,2
18,8.35,8.36,4,43,3.16,6.82,0
23,7.32,7.41,2,9,6.73,2.7,3
56,6.9,4.29,3,56,4.57,6.77,3
27,7.03,7.69,1,25,4.66,6.34,3
57,9.0,1.18,0,84,2.51,0.8,1
37,6.69,5.78,1,109,3.5,4.94,1
27,6.43,9.93,1,57,5.65,4.13,2
42,5.71,6.31,4,93,4.82,6.06,1
18,4.57,4.19,0,7,1.72,4.38,3
30,5.9,2.2,2,57,5.15,0.8,3
45,7.2,8.61,3,1,0.11,3.15,3
29,4.76,5.82,3,72,4.06,7.04,0
27,8.32,2.72,1,14,2.02,7.27,3
49,5.79,6.25,3,84,3.73,1.67,3
54,9.97,4.5,4,108,4.43,6.78,1
33,6.05,9.86,4,105,0.34,3.57,0
65,4.22,5.05,4,53,6.35,4.97,3
51,9.61,7.51,1,108,6.77,2.91,2
21,7.77,2.15,0,71,9.24,7.98,2
32,8.43,0.64,2,53,2.83,2.44,1
35,4.28,3.39,3,97,8.02,3.48,1
35,8.45,5.43,0,118,2.74,4.74,1
62,5.46,2.92,3,115,3.0,3.79,1
43,4.71,9.54,2,45,8.84,1.21,2
55,8.77,0.77,2,72,5.85,2.05,1
57,7.97,0.38,2,42,5.02,7.28,1
33,7.22,7.17,2,67,9.39,2.36,2
20,8.18,0.83,0,113,4.81,0.55,1
21,9.27,2.04,4,83,0.55,7.77,1
32,7.02,8.39,2,29,6.15,1.41,3
37,8.68,4.72,0,43,0.75,3.01,3
27,6.74,3.29,4,9,2.55,2.82,3
38,4.58,7.2,4,29,0.39,0.17,3
48,6.49,9.36,2,62,2.9,4.5,3
50,7.41,7.92,3,107,3.89,7.1,0
44,7.69,9.27,3,19,5.47,7.12,3
38,7.48,2.83,4,18,4.05,7.99,3
38,6.35,4.48,0,108,5.1,2.07,1
62,9.22,4.72,2,116,5.71,7.28,1
19,9.63,6.8,1,41,9.42,6.31,2
19,6.7,6.93,0,68,9.95,2.3,2
34,9.3,0.97,3,101,1.29,0.46,1
46,5.36,5.44,4,17,0.91,5.34,3
47,8.63,1.7,0,0,3.47,3.45,3
41,6.02,5.14,2,82,3.38,5.64,3
62,7.03,2.61,2,95,6.48,4.09,1
63,4.48,7.07,2,38,8.73,1.95,3
48,8.31,3.72,1,37,2.62,4.65,3
25,9.8,9.58,4,13,3.48,7.16,0
42,9.33,1.61,3,37,1.06,6.57,1
24,5.89,4.91,4,107,1.92,2.48,1
35,8.68,5.22,3,16,2.42,5.45,3
56,8.06,0.64,4,57,2.78,3.16,1
23,9.06,4.6,2,2,1.34,7.63,3
29,6.9,2.2,4,119,8.78,0.72,1
69,5.28,4.11,1,8,2.17,2.93,3
21,9.23,4.18,3,100,0.68,2.54,1
61,6.59,0.91,4,26,6.44,1.46,3
34,8.21,0.1,3,65,3.29,5.55,1
64,4.82,8.62,3,57,9.84,7.28,0
30,5.35,6.62,3,12,9.15,1.25,3
33,7.42,0.02,4,89,5.79,7.11,1
59,8.29,4.45,2,108,4.92,2.48,1
49,7.91,0.53,0,11,1.33,7.42,3
40,4.64,7.76,1,85,6.28,3.51,2
25,7.46,6.46,1,110,2.52,6.59,1
54,6.61,2.93,1,78,1.33,5.53,1
50,4.62,5.85,1,27,5.24,5.34,3
22,7.9,8.68,4,19,6.26,0.6,3
44,5.32,4.45,4,58,3.85,7.54,3
32,6.72,5.07,2,8,9.32,6.87,3
56,9.99,2.64,4,115,6.54,7.99,1
50,9.02,9.74,1,90,0.92,5.45,0
52,7.24,2.55,0,24,7.52,4.71,2
19,8.96,7.01,1,68,8.58,3.71,2
48,7.85,3.12,4,48,3.38,7.31,1
22,6.13,6.83,4,89,7.15,2.15,1
32,7.93,0.4,4,2,8.7,7.13,1
60,4.46,6.71,1,57,5.73,1.1,3
25,5.46,5.51,4,71,9.11,6.56,1
37,7.08,6.06,1,92,5.46,0.73,3
46,8.36,8.7,4,117,4.01,7.58,0
46,4.1,0.49,4,96,5.41,2.27,1
30,4.16,7.35,2,91,5.81,5.93,0
24,8.14,2.84,1,45,3.06,6.07,3
40,7.77,1.84,4,66,6.02,2.58,1
35,9.01,0.56,4,19,8.51,2.29,1
34,6.59,0.33,4,93,2.1,6.31,1
41,5.41,4.94,1,76,2.12,1.15,3
45,5.33,2.08,2,80,2.53,7.16,1
51,7.56,7.55,2,67,4.48,3.24,3
35,9.9,9.06,1,86,8.33,3.66,2
66,9.37,1.03,1,104,6.14,1.78,1
53,5.14,5.21,3,55,0.71,6.55,3
42,7.09,5.13,4,50,1.3,5.15,3
53,5.0,9.24,4,81,3.54,5.25,0
38,5.31,0.55,4,53,1.72,3.45,1
68,8.99,9.92,4,1,6.92,5.39,0
52,5.36,1.32,2,83,2.75,1.79,1
35,6.3,6.31,3,98,5.73,0.79,3
60,5.05,8.75,0,48,2.53,0.54,3
46,7.8,7.21,1,28,6.81,2.4,3
66,8.94,2.35,2,114,8.69,1.39,1
59,9.46,2.7,1,111,9.99,1.69,1
31,8.07,2.37,3,97,7.95,1.09,1
26,4.37,7.34,2,29,2.13,6.25,3
47,4.56,3.99,2,45,5.15,5.67,3
52,8.93,2.81,4,117,0.57,0.96,1
19,5.46,3.06,4,57,0.63,4.89,3
42,8.52,5.0,2,12,0.34,5.08,3
23,8.78,5.95,1,75,4.11,4.83,2
43,4.93,6.27,3,45,6.44,2.22,3
60,8.42,3.2,1,56,9.59,1.54,2
36,6.44,7.62,2,86,9.45,5.06,2
36,7.11,0.07,3,40,1.46,7.02,1
33,8.88,5.88,3,71,2.37,5.02,3
43,7.59,7.39,3,32,5.41,0.42,3
47,9.47,7.02,0,25,4.42,1.05,3
23,8.8,4.51,1,26,7.19,4.95,2
46,5.5,8.32,1,38,9.35,5.1,2
65,6.25,0.99,4,84,4.47,6.22,1
32,6.81,8.53,1,50,9.33,1.0,2
59,9.91,6.66,0,18,1.09,7.73,3
22,9.79,2.89,3,68,9.73,0.04,1
29,4.47,3.31,4,79,9.88,3.12,1
63,9.07,6.35,3,94,2.34,0.16,1
49,6.05,3.39,1,37,8.58,3.26,1
31,8.45,0.32,4,66,6.33,7.19,1
38,8.87,4.0,1,69,5.2,0.3,3
34,9.45,0.87,3,2,8.26,6.33,1
39,9.81,1.48,4,10,1.83,4.54,3
48,7.45,6.45,4,114,9.6,0.36,1
19,8.21,0.14,1,102,5.99,2.73,1
38,6.76,4.99,3,113,1.26,6.12,1
58,4.9,6.48,2,4,8.72,4.9,3
68,7.86,7.63,1,21,2.66,0.25,3
37,7.01,4.55,0,71,5.21,5.35,1
69,6.51,8.53,0,45,9.18,6.12,2
61,4.77,7.2,1,76,9.61,7.22,2
66,7.84,2.36,0,73,8.74,1.01,1
43,4.27,2.89,2,89,7.0,6.07,1
66,4.47,1.92,0,106,9.5,4.29,1
36,8.78,3.41,1,22,3.39,0.44,3
26,6.0,4.92,0,18,2.38,6.35,3
37,7.34,9.78,4,10,3.05,1.35,3
66,4.21,3.23,1,15,5.52,2.85,3
67,5.97,2.78,0,5,4.58,6.08,3
45,7.98,2.38,3,69,2.86,5.78,1
62,8.45,0.52,1,13,6.83,1.47,1
48,5.92,9.06,1,95,1.79,3.94,0
65,4.74,5.83,2,24,3.22,0.28,3
54,8.21,6.59,3,53,6.72,0.42,3
52,6.3,8.37,0,111,6.03,5.82,2
32,5.71,3.76,4,113,1.95,2.51,1
69,6.46,9.33,2,89,5.33,3.77,0
25,9.26,7.83,1,13,4.87,5.0,3
61,7.24,0.5,3,74,0.32,5.95,1
36,7.99,4.93,3,107,0.16,5.84,1
45,6.93,4.07,2,34,0.56,1.14,3
68,5.68,3.69,1,5,5.27,4.49,3
62,5.99,7.23,4,80,4.99,0.88,3
47,8.82,7.88,2,87,1.36,1.17,3
41,5.19,10.0,2,85,1.56,1.95,0
60,4.44,7.03,4,33,5.22,2.1,3
59,5.55,3.37,1,91,0.51,3.97,3
25,5.46,9.32,0,48,2.68,4.16,0
43,4.91,7.98,3,38,3.67,0.85,3
67,9.74,0.7,3,111,5.03,3.95,1
61,5.05,3.79,3,82,6.44,5.21,1
24,7.99,2.16,1,105,7.29,4.0,1
58,5.0,7.97,3,77,0.86,3.71,0
33,5.97,1.16,3,114,0.37,7.34,1
31,5.29,1.2,2,100,9.75,6.74,1
23,4.58,3.03,4,93,6.71,5.32,1
27,7.55,6.53,4,117,3.65,6.75,1
57,8.82,5.09,0,106,3.84,3.56,2
34,6.59,9.67,1,8,1.43,3.12,3
37,8.19,2.94,1,45,0.18,5.63,3
52,8.67,3.82,4,90,0.14,2.9,1
34,9.33,4.84,4,8,3.42,1.56,3
38,4.51,6.85,2,12,5.46,2.88,3
27,8.01,3.15,2,11,8.71,1.9,3
53,7.05,2.43,0,55,7.62,7.2,1
52,7.87,6.51,2,86,4.18,0.58,3
28,8.19,2.68,2,102,5.18,0.3,1
59,6.68,4.48,0,104,9.2,2.49,2
42,6.79,2.4,4,30,4.55,4.66,3
48,7.02,0.6,1,11,6.15,1.54,3
31,5.26,0.39,4,108,8.28,7.74,1
22,5.04,6.9,2,98,8.92,5.86,2
62,5.6,8.33,0,51,7.5,5.55,2
65,7.37,8.49,3,105,4.4,4.39,0
67,9.24,0.6,2,119,3.29,2.52,1
58,8.49,2.08,3,75,1.9,1.0,1
65,6.31,9.15,1,78,5.05,7.91,0
52,6.02,5.87,0,61,7.3,3.1,2
43,5.09,7.35,1,55,4.91,0.6,3
37,7.32,1.15,2,92,5.3,2.15,1
37,4.19,5.95,1,33,9.69,3.87,2
61,9.05,9.97,0,117,3.2,7.25,2
42,8.33,2.3,3,33,9.82,5.53,1
27,6.92,7.02,4,107,3.57,2.09,1
40,5.32,4.49,2,104,7.14,7.4,1
57,7.24,7.5,2,66,4.82,4.98,3
23,4.67,2.69,3,47,8.37,1.31,1
62,5.79,4.11,0,48,9.66,1.05,2
42,4.87,5.24,4,93,6.08,7.87,1
26,4.51,8.08,3,91,9.15,6.84,2
56,5.24,8.74,1,70,0.91,6.84,0
48,8.36,9.81,2,33,2.26,1.69,3
33,8.06,9.08,4,43,7.35,0.64,2
54,7.33,9.02,4,25,0.75,2.0,3
46,4.37,7.15,3,57,9.71,4.47,2
47,6.97,0.86,0,114,2.41,5.95,1
18,7.13,5.86,3,66,7.61,5.7,2
63,8.53,9.55,4,16,3.24,1.47,3
22,5.14,8.19,4,76,6.56,2.73,0
56,4.04,0.79,3,80,0.78,5.65,1
37,6.26,9.26,2,88,6.62,7.3,0
27,8.01,4.1,2,12,0.49,1.53,3
31,5.81,3.84,0,93,3.9,7.27,1
61,9.52,5.82,0,84,5.96,2.93,2
51,4.7,1.29,3,87,7.82,1.56,1
62,4.34,6.73,1,21,6.63,4.72,3
25,8.35,1.13,4,69,4.85,4.33,1
53,5.72,0.71,3,41,7.43,3.5,1
48,7.99,5.25,1,55,3.38,7.25,3
58,6.44,6.78,2,42,4.95,7.16,3
32,5.58,7.24,0,49,4.31,1.58,3
58,5.07,2.39,1,42,2.51,2.56,3
28,7.36,3.59,2,1,3.88,6.37,3
21,5.99,7.44,1,0,1.3,2.77,3
22,4.25,8.31,4,79,6.34,2.03,0
33,5.57,8.76,2,50,0.18,4.14,0
56,5.78,6.82,2,115,7.99,6.42,1
59,8.82,5.62,1,114,3.59,4.88,1
34,7.43,7.45,3,90,3.03,3.67,3
26,5.6,2.45,3,39,3.39,3.99,3
35,8.94,8.57,0,5,0.89,3.5,3
22,7.55,8.87,2,117,4.28,4.77,2
25,4.54,9.62,3,59,2.24,7.47,0
21,7.99,7.09,4,17,8.89,3.54,2
36,8.74,6.39,4,9,9.95,5.43,2
32,10.0,7.25,1,21,5.18,4.7,2
61,6.7,8.37,1,62,4.65,0.51,3
23,4.39,9.73,4,57,9.75,1.86,0
43,5.72,5.11,3,61,0.5,4.83,3
55,8.42,4.53,1,9,0.55,2.84,3
18,7.59,2.74,3,9,7.78,7.53,3
50,7.3,8.26,3,64,1.07,5.51,0
45,9.77,3.13,2,16,5.27,0.46,3
59,6.19,5.35,0,110,9.58,6.59,2
67,8.64,0.52,0,74,7.96,3.82,1
21,7.21,9.36,2,8,8.09,6.4,2
27,9.79,2.15,1,93,1.97,1.71,1
25,9.59,0.89,4,43,9.19,7.23,1
64,4.64,6.7,2,19,5.86,4.73,3
51,4.51,9.09,2,30,4.16,3.59,0
31,9.13,4.32,0,18,7.81,0.16,2
28,8.41,9.92,2,70,0.72,7.27,0
43,5.4,2.01,4,88,1.8,4.62,1
52,6.57,7.33,1,71,2.85,3.83,3
57,8.23,0.3,0,104,0.75,4.29,1
64,9.59,2.07,4,16,1.49,4.08,3
20,6.86,8.35,1,48,8.96,6.45,2
35,6.53,2.3,2,71,0.38,5.15,3
39,5.39,8.02,2,8,4.83,3.33,3
28,9.56,6.48,2,51,3.79,7.29,2
64,8.87,8.66,2,84,8.51,7.02,2
26,6.29,2.82,1,101,6.54,4.09,1
41,9.69,4.75,1,27,7.66,3.98,2
26,9.2,6.73,3,14,5.66,6.11,3
30,8.27,9.73,1,80,4.74,3.57,2
29,9.33,6.41,2,116,2.93,3.0,1
50,9.81,9.33,1,91,1.26,6.74,2
32,6.82,1.99,0,117,2.93,1.34,1
69,8.63,0.39,1,21,5.37,7.48,1
51,6.84,8.77,4,88,8.05,2.95,2
32,6.09,6.94,3,81,4.04,3.65,3
56,7.73,0.39,2,74,8.31,6.13,1
46,6.08,8.36,3,29,2.08,2.0,3
56,7.64,7.09,2,84,0.36,7.22,0
69,5.37,7.4,1,62,8.59,5.6,2
32,4.24,9.84,0,23,1.52,5.33,0
37,7.82,4.54,2,11,9.17,7.97,2
37,5.6,5.91,2,63,0.18,7.46,3
52,8.38,0.2,0,80,4.87,7.03,1
52,6.81,2.73,1,15,8.03,1.98,3
42,9.66,5.2,3,79,7.79,1.05,2
36,6.33,2.42,1,98,5.22,0.11,1
31,4.45,5.04,0,67,5.74,5.1,3
34,4.05,2.58,3,78,4.6,2.38,1
62,7.92,6.19,1,40,9.95,3.86,2
18,4.76,3.57,4,92,0.44,1.89,1
57,5.93,9.98,1,53,2.62,0.54,3
27,7.17,9.69,3,29,2.12,0.84,3
38,7.1,9.08,3,110,0.66,5.54,0
62,4.73,5.34,2,57,0.82,6.13,3
67,9.67,2.83,1,71,6.71,1.3,1
59,9.51,1.97,0,12,7.74,5.25,2
48,5.59,9.34,2,14,7.54,1.75,3
50,5.84,6.56,3,94,2.81,6.56,0
36,7.11,4.62,3,72,5.81,5.84,3
45,7.0,4.39,2,52,8.6,3.67,2
41,9.43,8.18,2,18,8.08,2.85,2
62,9.95,7.7,3,99,5.01,1.87,2
46,6.91,4.78,2,110,1.76,1.16,3
25,7.36,4.86,0,60,8.1,7.09,2
54,8.6,9.32,1,82,3.69,1.08,2
31,9.49,2.93,4,118,4.39,6.08,1
56,6.74,1.71,4,39,8.54,6.25,1
22,8.29,9.38,2,46,9.46,1.96,2
62,9.81,2.55,4,72,5.46,4.56,1
60,4.06,4.42,3,9,5.44,2.71,3
20,8.18,1.65,0,14,9.68,6.24,2
53,7.19,2.85,2,38,8.63,1.3,1
46,6.64,8.33,2,73,3.95,2.03,3
43,8.32,4.44,2,74,1.9,5.36,3
48,4.48,1.91,1,115,4.85,2.84,1
53,4.74,1.47,1,47,0.72,5.28,3
30,8.55,6.06,0,25,1.05,7.05,3
58,7.02,5.45,0,46,5.55,2.73,3
23,4.64,4.93,1,105,8.96,5.23,1
67,7.84,1.29,3,109,2.75,7.1,1
37,5.54,7.14,1,67,4.02,1.21,3
50,5.82,3.63,4,63,0.39,5.24,3
41,9.21,2.33,0,91,7.03,0.54,1
27,7.97,2.36,3,45,5.76,4.43,1
52,7.11,3.52,1,79,0.5,2.15,3
48,4.86,5.09,0,108,1.28,0.98,3
60,8.66,5.57,0,34,4.96,4.36,3
53,8.07,1.76,1,21,7.06,1.87,3
61,7.24,8.5,0,39,3.73,3.95,3
33,9.41,6.74,3,71,0.99,4.83,3
56,4.98,3.63,4,18,6.83,5.47,3
39,9.92,5.61,1,113,3.25,0.76,1
50,6.09,7.22,4,47,8.1,4.29,3
60,8.88,1.29,1,5,6.9,2.41,2
29,7.43,4.05,4,106,2.17,5.36,1
34,4.54,4.34,4,75,5.16,2.44,3
60,5.83,1.82,3,31,7.14,1.57,3
45,6.49,4.69,3,78,1.01,2.48,3
40,5.72,4.6,4,57,2.1,0.18,3
54,9.16,0.05,3,60,9.12,6.2,1
67,7.87,3.4,2,86,5.57,2.05,1
60,5.17,8.93,1,98,6.77,3.98,2
20,6.43,2.25,2,45,4.79,2.94,3
31,9.41,5.57,0,11,6.51,4.91,2
46,6.02,3.08,0,111,3.98,3.98,1
27,7.27,0.08,2,113,0.54,5.8,1
62,6.42,6.79,0,119,9.61,4.79,2
41,9.15,6.93,3,17,2.13,4.83,3
66,5.28,6.69,3,3,8.33,1.0,3
51,5.35,6.81,1,32,9.3,6.7,2
43,7.66,8.21,3,41,2.39,6.3,3
68,8.33,6.58,1,77,7.89,5.79,2
26,7.84,2.59,4,18,8.36,1.19,3
38,8.73,3.51,1,100,3.94,1.53,1
63,6.51,7.48,4,69,4.59,1.91,3
37,8.22,9.46,1,55,6.62,3.72,2
62,8.05,5.43,3,85,5.74,6.57,1
54,4.68,7.21,4,11,3.42,6.66,0
39,4.56,9.51,0,9,2.98,3.3,3
45,8.29,9.17,3,96,6.72,3.15,2
26,8.23,4.89,4,7,2.22,6.6,3
29,5.15,8.4,2,79,8.95,0.94,2
25,4.07,9.97,4,54,6.68,1.41,0
50,9.49,8.41,0,6,6.03,2.37,2
49,6.38,2.45,3,28,3.21,5.96,3
42,5.14,6.76,3,40,7.3,2.78,3
61,4.87,4.06,4,38,5.77,0.33,3
63,9.9,6.67,1,108,1.29,4.46,1
30,6.0,4.38,4,60,7.56,5.12,1
66,5.92,5.92,1,116,8.9,4.55,1
18,8.52,7.16,4,94,4.77,5.14,2
41,9.05,2.99,0,5,2.77,5.14,3
33,6.49,7.65,4,46,8.83,4.22,2
43,9.61,5.23,4,76,2.67,7.44,1
53,7.69,4.82,4,29,7.68,5.98,3
55,8.31,5.7,3,94,2.57,4.74,1
58,6.77,8.45,3,96,2.77,7.97,0
44,7.36,6.95,3,82,5.54,6.1,2
48,4.55,3.27,3,45,4.47,0.58,3
44,8.17,1.42,4,76,0.55,3.26,1
49,8.49,9.03,2,80,9.34,4.34,2
21,9.76,3.85,1,79,8.75,4.51,2
36,7.99,0.79,3,100,1.33,6.45,1
67,7.6,1.71,3,60,3.03,5.3,1
26,8.89,8.89,0,41,7.48,2.1,2
23,7.36,0.15,4,118,9.36,6.93,1
67,5.7,3.78,0,12,7.19,4.03,3
18,5.79,9.24,2,118,7.5,5.04,2
62,7.11,4.56,3,24,6.38,2.29,3
40,6.05,9.24,4,20,5.81,4.39,3
21,7.62,9.34,0,98,1.47,6.85,0
40,5.58,0.38,4,40,6.71,2.55,1
48,8.32,8.55,3,26,0.21,1.78,3
35,6.59,2.3,4,58,2.53,7.52,1
60,7.79,9.53,1,38,7.15,4.45,2
29,9.66,3.36,0,67,0.95,1.6,1
21,4.21,5.28,0,2,6.06,5.53,3
31,6.47,2.37,4,34,1.32,5.44,3
68,9.2,0.33,4,35,1.18,5.17,1
57,7.07,1.35,1,111,4.08,5.29,1
48,5.19,0.09,3,56,3.16,7.79,1
35,9.91,2.98,1,7,7.76,5.99,2
34,7.21,5.44,1,111,3.87,5.18,1
55,8.48,0.94,3,98,1.05,6.58,1
60,9.67,4.82,0,104,2.75,0.6,1
52,9.09,7.06,0,75,2.58,7.08,2
68,8.69,7.59,3,64,9.92,1.04,2
40,4.53,8.06,2,66,4.32,5.44,0
26,8.08,1.21,2,92,4.11,5.18,1
49,4.23,3.16,0,35,6.33,0.85,3
57,5.01,8.22,4,86,5.97,2.7,0
36,7.06,5.85,1,53,9.01,1.31,2
61,9.81,9.92,1,54,6.64,2.77,2
43,7.62,0.57,2,101,5.3,5.35,1
47,5.46,7.63,3,92,2.61,7.86,0
61,4.19,2.75,4,25,9.36,1.87,3
47,4.11,0.36,4,48,9.22,6.06,1
32,8.83,6.15,2,90,4.47,2.48,2
30,8.7,4.53,4,94,6.55,1.83,1
19,7.36,9.61,2,79,2.6,2.34,0
42,8.32,6.87,4,16,9.23,4.55,2
65,8.93,0.92,2,1,8.39,3.59,1
52,7.13,4.02,1,5,6.18,3.65,3
27,5.5,3.36,1,28,4.54,5.96,3
37,5.37,5.24,2,107,6.42,1.97,1
38,4.59,2.71,1,26,9.73,7.84,2
67,9.33,1.02,0,61,8.06,2.17,1
29,4.83,1.27,0,56,9.6,5.55,1
18,6.15,1.83,4,88,3.28,6.88,1
21,9.69,1.7,4,55,0.15,3.85,1
34,5.26,2.41,2,33,7.15,0.55,3
58,5.5,6.1,1,14,9.31,7.61,2
26,8.43,8.93,3,47,5.3,3.33,3
33,9.31,8.63,3,92,9.76,4.26,2
69,6.46,7.48,0,51,8.16,7.91,2
25,9.73,9.11,1,114,4.28,1.58,2
67,7.0,3.05,2,41,6.63,3.27,3
56,5.88,8.27,0,111,2.9,5.03,2
58,4.17,3.38,4,89,8.39,0.26,1
29,7.65,9.71,4,51,6.81,0.51,3
26,8.15,4.04,1,105,4.03,0.29,1
22,4.13,3.04,2,62,3.66,1.93,3
21,4.62,9.43,2,51,5.0,6.96,0
63,8.7,9.63,1,88,4.21,3.85,2
56,4.12,8.06,2,92,1.95,6.53,0
57,5.44,6.59,0,5,9.82,1.58,3
41,4.57,0.07,0,106,0.69,7.97,1
50,7.14,2.05,4,9,0.2,1.08,3
35,5.24,3.78,4,28,6.89,4.54,3
52,9.59,1.11,1,100,7.71,3.48,1
42,5.83,1.58,3,6,7.61,0.13,3
34,6.2,1.06,2,110,2.95,5.87,1
51,4.59,8.98,0,89,5.51,2.88,2
39,6.54,0.05,4,70,7.97,4.72,1
49,5.52,9.09,3,85,1.53,5.68,0
41,8.38,4.53,4,2,2.16,4.73,3
69,8.75,8.03,1,115,2.47,7.97,2
34,9.89,6.14,4,55,4.98,3.81,2
48,8.9,0.14,3,19,4.8,6.53,1
31,6.97,1.34,4,72,6.49,1.31,1
34,6.39,0.26,4,87,9.76,6.99,1
67,8.78,1.28,4,41,0.75,4.08,1
67,8.71,0.93,4,11,8.3,7.65,1
67,8.97,7.88,0,61,7.09,1.72,2
61,8.59,9.93,2,66,6.16,7.89,2
35,9.67,9.3,2,54,0.79,1.37,3
69,4.79,6.96,0,109,7.12,1.69,2
41,9.42,8.64,4,13,1.27,4.53,3
21,9.65,4.86,1,84,7.85,6.57,2
44,4.16,0.12,0,30,0.45,5.85,1
51,7.88,8.3,2,115,8.52,4.39,2
23,6.09,8.92,4,69,5.28,8.0,0
33,5.4,4.53,4,3,7.64,3.58,3
31,6.69,0.63,4,51,6.89,4.86,1
67,6.33,1.71,2,23,5.76,3.39,3
62,7.52,0.67,0,93,5.62,5.37,1
30,7.57,0.9,4,5,9.7,5.97,1
65,8.22,5.9,2,92,8.58,7.65,2
59,9.1,8.46,4,115,8.51,3.39,2
61,6.28,4.48,2,43,3.5,3.62,3
69,9.33,3.18,2,79,7.46,3.03,1
49,9.45,4.19,1,99,2.68,5.58,1
33,4.78,1.99,2,52,0.64,6.9,3
31,5.15,3.34,2,83,4.14,2.16,3
58,7.26,2.6,3,109,2.61,7.88,1
18,8.71,6.74,0,114,4.42,7.56,2
52,9.06,2.04,4,86,6.86,6.07,1
31,9.97,2.53,2,46,2.95,0.12,3
35,4.33,0.52,2,92,6.77,4.18,1
56,9.74,0.03,4,8,4.2,2.53,1
54,4.55,5.14,1,75,0.86,6.39,0
46,9.2,2.88,1,67,4.27,1.11,1
20,6.55,3.09,1,117,1.53,5.87,1
39,9.81,9.23,2,49,4.52,6.86,2
61,5.51,9.56,1,98,4.57,6.77,0
38,7.97,1.08,1,111,6.98,4.24,1
38,7.81,9.1,4,34,5.57,6.3,0
64,5.06,2.85,4,83,7.34,5.29,1
55,8.83,6.59,3,37,8.16,6.42,2
46,4.57,9.15,4,106,6.48,3.31,0
61,7.38,3.57,3,26,2.57,5.31,3
26,7.94,8.82,2,42,5.42,7.35,0
28,5.21,9.53,0,117,1.75,1.59,0
67,4.42,6.78,1,107,3.45,0.49,3
36,5.88,1.06,0,16,4.7,6.99,3
22,7.23,3.1,3,2,7.37,4.81,3
62,7.26,5.3,0,16,5.21,5.24,3
48,8.52,8.23,3,88,4.08,5.5,2
27,9.26,4.18,4,52,9.93,0.85,2
25,9.89,7.59,4,14,6.44,0.82,3
45,7.02,8.48,3,59,6.04,2.22,3
56,6.58,4.67,1,21,8.95,4.34,3
52,8.85,8.0,1,90,6.07,4.83,2
30,6.51,5.47,0,56,4.96,2.45,3
18,8.31,2.14,2,43,4.13,1.82,3
51,6.64,4.79,3,118,3.95,7.63,1
36,6.47,0.36,3,114,5.54,4.47,1
32,7.92,0.25,2,27,2.21,4.1,3
20,4.36,3.26,1,18,7.1,4.27,3
37,9.99,9.87,0,53,6.87,3.33,2
54,7.64,5.24,1,39,7.91,0.1,3
39,7.63,9.63,3,71,4.71,4.59,0
27,7.77,7.84,0,85,7.48,7.25,2
39,4.41,7.24,1,107,2.89,5.31,0
59,9.08,0.64,3,91,8.83,3.97,1
38,8.2,7.27,3,43,7.24,3.23,2
41,7.94,4.25,2,71,8.06,4.08,1
26,9.89,3.91,0,42,0.9,4.73,3
40,5.69,2.33,4,114,0.31,4.94,1
22,4.74,1.01,1,43,1.96,2.01,3
44,6.17,2.13,0,85,4.92,0.16,1
45,5.52,2.49,2,21,0.7,0.21,3
26,5.02,2.55,2,53,0.37,4.28,3
33,9.84,2.31,3,62,1.43,6.86,1
62,6.62,4.52,4,105,7.32,0.7,1
22,9.79,5.09,1,95,3.56,2.59,2
37,7.04,1.27,4,92,7.64,2.07,1
67,7.31,7.53,3,117,2.19,4.18,1
33,5.22,4.02,2,77,3.46,5.24,3
64,6.14,5.77,2,38,0.84,7.94,3
57,8.22,1.37,2,31,3.29,3.13,3
68,6.46,7.2,1,108,0.42,4.02,0
47,8.7,3.52,4,33,5.6,0.07,3
53,8.39,9.33,1,31,0.45,7.36,0
34,8.14,4.82,4,18,6.08,0.84,3
43,9.17,6.16,2,13,8.33,1.61,2
46,6.1,9.17,4,75,6.72,0.03,0
28,4.57,3.33,4,77,5.85,3.54,1
32,8.86,6.9,3,88,3.11,0.8,3
51,5.05,8.49,3,102,5.99,4.02,0
50,4.45,9.43,0,1,9.13,6.24,2
68,7.19,8.72,4,7,1.12,1.18,3
57,4.17,8.05,0,88,9.75,4.83,2
61,7.16,0.38,4,24,8.28,1.26,1
40,7.55,8.47,3,106,3.94,1.82,2
55,7.66,6.44,4,7,3.89,2.51,3
52,5.89,8.1,4,54,2.15,6.6,0
37,5.67,3.99,1,6,7.73,7.0,3
39,9.11,6.09,3,14,5.2,3.6,3
42,8.65,8.04,0,118,1.87,3.4,2
21,7.58,2.75,4,19,1.68,5.55,3
30,7.86,3.33,2,72,6.49,5.1,1
29,8.18,3.76,3,95,8.18,4.7,1
68,8.08,5.59,3,15,0.97,7.61,3
57,4.65,9.32,4,113,5.25,5.8,0
51,7.36,5.32,0,19,1.62,0.95,3
31,6.75,6.59,0,12,0.9,6.16,3
47,4.23,6.59,2,18,8.72,3.88,3
59,9.24,5.08,4,70,3.48,5.68,1
26,4.13,5.21,1,79,5.77,5.62,1
18,4.87,3.16,1,65,4.17,5.31,1
38,7.43,9.53,1,7,8.19,4.38,2
31,9.98,2.93,4,17,9.42,5.69,2
52,9.53,8.53,3,79,5.04,3.71,2
30,9.58,3.65,1,80,7.52,3.38,2
41,8.44,7.84,0,12,3.38,3.76,3
18,6.65,7.34,0,76,8.54,6.42,2
41,6.6,0.71,1,23,8.74,0.96,1
40,7.12,7.72,3,94,3.24,5.73,3
19,9.58,8.0,4,108,2.66,5.63,1
64,6.77,3.26,3,18,6.44,4.4,3
47,6.57,8.8,0,37,9.62,3.33,2
37,5.5,5.35,3,22,6.79,2.02,3
60,7.97,3.23,4,26,6.17,3.24,3
22,4.19,1.7,2,103,3.55,3.26,1
19,8.71,1.85,1,41,8.18,5.13,2
59,5.26,3.18,3,36,5.57,0.87,3
31,6.21,9.6,4,41,8.54,1.38,2
53,5.63,8.55,3,61,0.76,2.19,0
43,7.54,9.35,4,47,0.48,1.53,3
43,8.06,7.02,2,12,0.0,7.63,3
64,6.82,5.55,1,27,4.81,1.65,3
69,4.92,5.06,1,94,8.77,1.01,1
31,9.6,0.76,1,66,6.87,6.34,1
22,7.33,7.96,2,50,0.23,2.64,3
36,5.48,7.9,3,61,5.33,3.14,3
53,9.4,9.27,3,10,8.9,3.07,2
59,4.59,7.57,2,41,7.98,1.23,3
49,6.98,6.9,1,12,8.41,4.11,3
63,9.49,4.89,4,20,5.34,6.66,3
40,5.49,3.04,2,89,2.42,1.35,1
55,5.53,7.72,2,2,3.31,1.43,3
36,5.78,2.8,1,13,2.2,5.42,3
33,6.29,7.19,0,3,2.9,4.33,3
23,9.36,5.13,4,111,8.16,7.48,1
46,7.67,8.2,1,99,7.95,7.75,2
50,7.39,9.49,0,68,8.76,6.41,2
53,4.16,7.91,4,26,3.41,0.51,3
43,6.96,8.81,2,67,2.65,2.8,3
42,9.43,6.02,2,55,7.86,7.58,2
69,5.26,8.85,1,4,4.29,1.46,3
23,9.06,1.78,0,42,5.3,1.1,1
46,7.8,9.76,1,69,4.61,5.39,2
42,6.83,3.83,2,90,7.52,6.91,1
33,6.44,5.61,0,89,0.78,6.3,3
61,5.08,7.35,1,26,1.13,4.37,3
41,5.71,5.05,1,13,2.45,4.92,3
56,5.15,0.5,4,75,0.76,1.97,1
63,9.54,0.57,0,114,3.01,4.62,1
43,4.28,8.79,2,108,4.62,4.39,0
54,8.32,0.94,0,26,5.4,1.03,1
36,8.12,2.94,3,62,3.01,1.34,3
66,7.21,1.99,3,88,7.02,0.42,1
24,6.81,0.71,2,1,2.64,4.22,3
22,5.28,6.16,0,12,9.49,6.22,2
45,7.35,0.6,4,81,9.25,2.83,1
34,5.58,5.76,3,47,1.65,1.19,3
23,4.63,2.38,3,12,0.45,7.76,3
31,5.91,4.49,2,119,8.59,2.05,1
38,5.83,9.9,1,105,6.62,3.59,2
43,8.88,9.55,2,44,9.09,4.1,2
39,8.35,1.21,0,118,3.16,4.75,1
24,9.28,2.8,4,46,6.71,1.28,1
65,9.4,6.24,0,109,1.86,0.8,2
37,4.26,3.48,3,68,5.84,1.68,3
38,7.69,0.95,3,80,3.78,3.71,1
67,4.24,5.88,3,30,9.59,1.14,3
34,7.74,1.89,1,28,7.2,4.24,1
59,6.94,9.66,2,117,0.75,3.69,0
45,5.03,3.57,1,86,9.64,1.25,1
28,6.51,4.41,0,77,7.74,0.27,2
36,5.26,2.9,3,43,1.59,0.35,3
39,6.71,8.27,2,46,7.04,2.7,3
19,5.49,6.43,3,93,5.07,6.29,1
37,4.43,6.91,4,93,3.79,2.72,0
43,9.06,4.9,1,0,1.02,0.49,3
33,6.11,7.13,0,29,0.51,1.77,3
23,6.02,0.14,4,17,4.21,0.55,3
21,6.13,7.91,1,65,1.28,5.91,0
62,4.92,9.15,4,61,0.55,1.5,0
21,8.63,1.71,1,102,6.54,6.19,1
68,5.46,1.53,0,44,2.46,7.23,3
18,9.1,7.06,1,23,1.9,3.54,3
65,9.51,3.87,2,18,5.95,6.98,3
62,9.74,8.43,1,78,2.95,7.31,2
22,9.62,0.19,2,39,0.22,3.87,1
27,4.56,5.08,1,20,4.16,6.66,3
46,5.2,2.87,3,109,4.79,5.59,1
64,9.67,1.96,1,66,8.17,4.48,1
20,4.24,3.05,1,44,4.12,4.63,3
36,6.73,6.98,4,25,4.24,3.4,3
61,4.41,5.07,1,94,5.08,0.19,3
37,4.12,9.62,1,81,4.13,2.05,0
41,9.8,4.39,4,46,8.47,3.42,2
57,7.14,1.15,0,103,2.07,1.6,1
28,9.47,5.02,3,112,8.65,4.0,1
39,9.16,2.58,1,12,4.79,0.14,3
24,5.02,7.18,4,28,5.19,6.23,3
22,9.8,8.21,0,25,1.86,1.01,3
20,9.05,3.14,4,5,4.29,5.81,3
26,5.87,6.38,3,75,8.52,5.47,2
59,6.09,6.7,4,104,9.33,2.76,1
52,8.68,5.75,3,82,2.43,7.93,1
26,4.01,7.26,0,14,8.85,1.72,3
23,8.53,2.67,1,112,3.39,1.41,1
36,7.2,5.14,3,116,4.1,0.85,1
26,8.17,9.38,3,49,7.68,0.71,2
49,4.01,0.79,3,44,5.85,0.3,1
37,7.44,9.26,0,4,4.15,7.44,3
47,9.83,4.66,0,67,4.29,2.44,2
30,9.92,5.34,3,119,8.28,2.01,1
59,9.27,7.65,0,66,5.02,2.2,2
46,8.51,6.79,2,28,7.92,3.81,2
33,6.19,0.12,3,64,6.04,7.33,1
30,9.34,2.45,2,78,9.92,2.35,1
29,8.74,8.15,0,54,5.91,4.03,2
39,7.17,7.36,4,13,4.83,2.69,3
54,9.09,5.22,0,5,8.06,5.54,2
31,6.01,0.35,4,39,7.68,1.64,1
55,5.26,5.99,4,86,0.58,2.98,0
19,7.45,8.22,4,47,0.55,5.39,0
69,5.08,5.53,4,11,0.84,6.49,3
33,8.76,9.69,4,8,2.2,6.9,0
26,6.24,1.49,4,56,3.44,7.71,1
69,5.01,0.3,0,79,0.97,4.85,1
51,5.58,9.48,3,14,4.34,2.22,3
57,7.13,6.37,2,98,5.79,5.18,1
65,9.36,8.23,0,102,2.27,0.02,2
32,8.72,6.2,4,77,9.39,0.43,2
69,4.47,0.91,4,67,2.7,4.09,1
64,9.57,5.3,1,83,7.97,3.54,2
27,8.54,6.67,3,82,5.88,4.57,2
19,4.0,3.62,4,108,6.0,1.42,1
67,4.4,9.76,1,14,0.6,3.55,0
52,6.34,3.93,2,67,5.79,5.32,3
34,9.22,5.58,0,34,3.25,3.77,3
34,9.15,8.98,1,56,3.97,1.74,2
53,5.08,9.14,2,82,8.66,0.26,2
61,4.32,7.63,3,80,9.28,2.66,2
28,6.5,5.6,4,20,9.66,4.83,3
56,9.46,0.08,1,15,9.12,7.14,1
39,5.62,5.05,2,63,6.16,7.49,3
36,9.36,2.92,4,7,5.19,7.95,3
63,7.35,7.64,2,45,2.32,0.01,3
21,9.36,8.85,2,4,4.66,4.1,3
62,5.13,8.21,2,16,5.37,5.82,3
67,5.38,1.48,4,15,6.81,6.02,3
64,8.91,9.9,1,53,0.87,2.7,3
56,5.22,4.42,2,46,9.78,4.71,2
32,8.31,7.67,0,17,0.63,0.86,3
56,4.97,3.72,0,26,8.28,3.06,3
34,5.82,2.69,1,115,6.07,3.91,1
37,5.34,2.61,0,34,3.2,1.34,3
36,5.71,0.24,0,77,2.53,5.35,1
49,9.75,0.11,1,96,6.83,5.15,1
64,8.93,4.93,0,27,4.35,1.61,3
53,4.74,4.86,0,29,8.27,5.43,3
24,4.19,4.69,4,43,3.7,0.57,3
67,7.12,8.58,3,20,8.89,1.92,3
69,6.94,5.39,3,117,2.32,7.21,1
69,8.86,8.28,2,47,5.19,0.27,3
32,6.07,4.98,0,65,0.21,1.82,3
47,5.11,0.65,1,70,4.27,5.01,1
68,6.47,5.39,0,6,8.91,2.66,3
64,9.25,1.71,0,12,6.3,2.41,2
25,4.51,4.61,3,52,9.86,5.34,1
67,7.13,1.72,3,50,3.21,1.28,3
28,7.87,7.28,4,84,5.05,6.81,1
24,7.42,9.06,4,37,5.02,1.33,3
32,8.07,7.25,4,44,8.68,5.05,2
66,8.74,1.94,3,19,5.13,2.64,3
52,8.8,5.81,2,17,4.19,0.14,3
59,5.28,4.76,3,18,2.67,7.74,3
54,4.6,8.39,1,113,3.22,7.41,0
51,9.61,0.12,2,118,0.84,5.45,1
50,8.28,9.26,3,98,9.54,7.37,2
29,6.71,3.84,1,82,9.79,0.71,1
43,7.51,0.49,4,0,8.0,4.68,1
34,8.49,6.67,0,88,7.13,1.31,2
31,4.86,5.22,2,76,5.77,2.83,3
53,7.27,1.54,2,23,2.79,2.94,3
31,4.02,0.47,4,89,4.17,2.38,1
65,4.32,7.09,2,23,4.78,1.79,3
40,6.54,8.01,0,101,2.0,1.94,3
49,5.8,5.51,1,93,6.13,2.83,1
36,5.0,7.86,1,13,4.17,2.8,3
55,8.44,9.69,0,35,9.05,3.48,2
43,4.05,4.92,3,64,6.89,0.86,3
42,4.43,7.86,1,39,1.0,5.07,0
36,9.75,8.68,0,77,3.8,6.55,2
55,8.85,1.25,0,5,5.03,3.72,3
64,7.8,0.53,3,25,7.95,0.4,1
27,5.53,8.62,4,14,1.94,1.04,3
61,9.36,8.86,0,116,6.46,4.36,2
27,6.0,4.0,0,37,2.79,1.27,3
51,6.37,8.18,3,85,0.42,1.41,0
56,8.71,2.37,3,67,9.38,6.61,1
43,4.94,6.43,2,102,4.48,4.81,1
58,5.76,3.46,2,42,8.47,3.01,3
62,10.0,6.7,4,33,6.6,5.87,2
43,6.74,3.44,1,101,6.23,2.75,1
47,8.3,3.94,0,78,9.94,5.83,2
62,9.28,3.27,1,97,2.7,1.16,1
62,7.14,5.05,4,72,0.17,4.16,3
64,5.07,1.03,2,33,4.36,4.99,3
36,5.25,4.62,1,80,3.27,3.99,3
36,8.49,2.52,2,68,0.49,6.79,1
59,8.89,5.34,1,41,0.26,6.37,3
20,7.67,1.67,1,44,4.63,4.81,1
21,4.16,7.39,3,72,4.32,3.62,0
33,4.4,2.53,0,25,1.67,5.59,3
50,6.96,6.2,3,69,7.4,5.65,2
23,9.95,0.9,4,63,8.27,6.92,1
44,9.35,0.31,4,59,7.59,7.62,1
65,8.77,3.36,0,114,9.6,4.74,1
29,7.67,7.38,3,72,9.05,3.28,2
40,6.97,2.11,3,18,5.76,4.67,3
29,6.27,7.1,0,91,5.7,2.68,2
48,4.55,2.31,4,40,7.05,6.8,1
39,7.54,6.3,2,37,1.92,1.8,3
60,9.86,9.02,3,30,4.1,7.93,0
34,8.07,4.77,3,80,3.21,1.8,3
47,8.66,6.26,2,57,2.54,6.88,3
45,5.1,6.8,1,35,5.64,1.69,3
18,9.47,4.04,1,42,6.49,6.97,2
65,8.0,8.91,2,90,9.3,4.75,2
41,5.27,9.11,1,88,4.98,0.05,3
41,9.42,9.62,1,16,8.38,4.2,2
35,7.47,6.17,4,15,3.68,2.91,3
58,9.59,7.17,3,46,1.68,3.36,3
33,7.17,2.91,0,75,8.48,7.94,1
51,6.17,3.19,0,6,4.97,4.8,3
32,7.23,4.46,1,109,4.71,0.38,1
19,8.27,4.23,1,119,0.7,3.31,1
26,5.29,2.05,3,70,0.14,6.17,1
37,7.4,9.51,0,104,9.54,1.98,2
34,4.62,3.88,0,44,7.99,1.95,3
59,4.77,2.25,4,116,0.71,0.26,1
63,6.22,1.84,1,2,1.66,7.86,3
22,9.0,3.26,2,48,0.94,5.28,3
58,9.64,7.62,1,55,0.38,2.28,3
64,6.19,9.5,1,64,0.95,7.97,0
41,6.37,3.72,0,32,6.34,2.91,3
40,7.66,3.64,2,12,7.76,3.89,3
54,6.36,6.11,0,105,7.52,0.63,2
23,9.26,8.68,0,20,0.15,3.41,3
27,8.35,2.85,0,29,0.31,2.27,3
38,8.26,0.48,4,104,7.05,1.81,1
24,7.87,1.18,1,1,5.97,3.78,3
54,4.01,8.89,4,15,1.64,3.54,0
51,7.01,9.17,2,74,7.22,0.68,2
37,9.38,8.63,4,62,4.33,3.01,2
18,5.04,3.41,3,45,6.99,5.16,3
49,4.4,9.42,1,30,2.91,2.98,0
19,8.66,3.21,0,34,2.56,2.04,3
49,9.34,7.0,3,105,4.94,0.44,1
26,8.18,5.06,3,40,9.25,6.81,2
31,5.2,0.6,4,116,5.49,6.37,1
24,9.34,6.51,3,71,8.55,3.77,2
68,7.3,0.97,1,113,9.38,0.43,1
58,9.14,1.04,4,63,2.87,0.84,1
53,8.88,6.06,1,55,3.4,0.87,3
45,8.9,1.96,1,44,6.46,6.77,1
35,7.73,5.85,3,97,9.1,2.43,2
61,6.43,9.62,4,114,4.36,4.45,0
37,7.08,6.95,2,119,2.85,6.55,1
62,4.55,8.34,3,32,3.03,3.96,3
24,5.87,5.14,0,41,7.9,5.25,2
22,4.96,6.48,4,100,1.54,1.44,0
25,5.76,2.54,2,43,5.36,0.48,3
61,5.65,7.17,1,30,0.25,6.0,3
52,9.54,8.05,2,114,2.56,0.26,2
57,8.65,4.33,1,84,5.91,6.87,1
62,7.73,6.62,2,86,3.2,2.72,3
67,6.11,9.06,2,74,3.5,2.08,3
37,4.49,8.75,3,0,4.04,5.62,0
53,7.97,3.95,4,19,8.97,7.41,2
49,4.9,5.77,3,73,1.4,3.12,3
34,8.01,7.4,1,109,8.84,2.54,2
53,8.16,5.92,3,60,4.0,5.52,3
48,4.26,8.7,4,69,6.61,4.92,0
53,7.58,8.36,2,14,5.18,7.13,3
45,7.28,5.06,2,78,1.41,6.96,3
35,6.14,5.13,4,85,9.6,2.03,1
69,5.16,8.92,4,46,8.95,0.4,2
66,6.91,4.6,1,67,1.49,3.75,3
36,6.94,1.91,2,108,4.18,0.69,1
31,7.65,2.55,3,107,7.75,4.6,1
58,6.21,7.13,3,36,3.86,3.25,3
35,8.5,5.39,4,81,1.32,4.76,3
50,9.62,1.67,0,94,2.52,2.18,1
32,4.2,0.91,0,52,3.35,4.07,1
49,6.14,9.66,1,89,4.44,6.36,0
36,5.64,1.31,2,62,9.96,2.64,1
26,6.29,4.4,4,103,7.69,0.84,1
66,9.72,7.95,4,13,3.32,3.76,3
69,7.53,0.11,2,62,9.93,0.58,1
48,8.4,1.04,2,74,5.32,2.34,1
33,6.8,8.61,2,68,4.23,1.38,3
49,9.61,9.5,3,20,2.05,2.97,3
38,9.33,6.42,0,64,9.02,4.07,2
51,5.73,3.24,3,20,3.1,7.2,3
27,8.72,1.22,3,112,2.04,0.67,1
66,6.82,3.47,0,20,1.62,5.92,3
36,8.99,3.1,2,78,1.8,5.3,1
65,7.48,9.02,2,95,4.99,2.8,2
34,5.25,4.86,1,14,6.22,1.68,3
63,9.64,5.55,2,117,2.74,1.4,1
48,9.43,7.96,1,7,3.26,1.9,3
39,8.11,7.44,3,47,0.63,4.98,3
64,9.01,3.27,1,23,9.41,1.82,2
47,8.57,9.88,4,30,4.37,2.05,3
45,6.3,1.42,3,81,6.61,0.35,1
44,4.34,0.52,1,39,9.32,2.29,1
43,6.96,6.97,1,44,8.42,0.08,3
49,8.78,6.1,4,58,5.58,0.25,3
28,7.26,6.71,2,61,8.74,1.37,2
44,5.37,3.17,4,20,3.48,2.77,3
28,8.31,8.97,4,0,3.66,6.63,3
47,5.64,3.03,3,58,4.38,5.81,1
44,5.94,6.37,4,15,5.63,0.91,3
62,6.62,0.44,3,98,7.66,0.55,1
63,9.79,0.08,1,57,9.47,2.74,1
39,5.35,9.05,1,103,2.24,6.83,0
58,9.01,3.09,0,1,4.33,1.58,3
67,7.87,2.82,0,105,9.45,7.9,1
40,4.65,5.09,1,26,9.45,6.24,2
32,4.78,6.4,1,112,5.79,1.86,1
58,8.24,6.36,2,2,7.66,0.55,3
18,4.84,8.87,4,96,1.65,4.53,0
35,9.16,4.04,1,9,1.7,3.06,3
37,6.96,1.15,3,29,8.42,4.77,1
59,4.03,2.74,2,90,7.99,1.07,1
48,9.81,3.2,1,118,3.61,0.14,1
20,5.46,7.29,0,77,9.81,2.8,2
67,7.47,0.65,4,25,1.35,2.18,3
52,6.8,2.28,3,65,4.25,6.04,1
36,8.35,3.5,4,99,5.98,3.49,1
19,4.07,1.7,4,21,6.34,1.01,3
40,5.94,5.45,0,38,4.53,7.05,3
53,9.09,6.3,0,6,8.45,2.38,2
55,4.44,0.99,0,108,3.05,7.4,1
29,7.18,7.04,1,32,9.42,4.24,2
57,4.6,6.74,3,28,4.75,1.54,3
40,4.78,9.63,0,117,8.87,3.41,2
54,4.59,1.17,4,33,9.6,5.06,1
20,9.38,4.15,2,78,8.62,1.39,2
56,7.13,4.31,3,63,4.24,2.46,3
48,4.86,5.57,0,31,3.36,5.38,3
40,5.57,6.45,2,115,2.15,7.99,0
30,5.34,4.07,0,70,7.84,4.6,2
53,6.33,5.58,2,55,1.66,3.22,3
27,7.44,9.43,1,52,6.89,7.75,2
60,7.28,5.47,4,50,3.99,2.17,3
18,9.99,3.24,3,46,5.44,6.72,1
50,6.93,5.03,2,54,5.98,6.84,3
69,5.04,3.78,3,28,7.09,6.84,3
62,7.04,8.04,1,64,3.68,2.69,3
32,9.78,2.0,1,19,1.19,6.26,3
68,9.11,9.06,1,38,5.94,5.67,2
53,4.61,0.73,3,0,3.02,4.9,3
21,7.29,9.53,0,44,4.64,6.09,2
54,9.17,8.22,4,56,3.37,0.98,3
23,8.85,2.63,2,0,4.95,0.8,3
48,6.66,0.87,3,2,9.04,1.02,1
69,5.83,4.96,1,29,0.23,2.84,3
67,7.98,4.14,4,35,5.26,4.23,3
39,6.02,2.94,3,63,7.97,4.12,1
32,5.55,9.23,0,106,0.55,5.63,0
26,6.11,1.67,2,29,3.86,7.23,3
54,8.79,3.62,1,95,1.4,4.41,1
53,8.75,6.02,4,9,7.61,3.88,3
33,7.5,2.82,2,69,3.2,3.05,3
55,8.61,8.36,0,31,8.22,4.04,2
63,5.62,1.0,1,35,6.78,2.29,1
36,7.48,0.74,1,92,8.9,4.87,1
27,6.74,8.14,3,107,5.38,7.13,0
63,8.69,3.55,2,35,8.33,5.5,2
66,9.3,7.48,0,16,3.97,3.33,3
34,7.47,3.64,4,65,8.87,1.59,1
38,9.69,4.64,1,43,7.29,2.63,2
54,7.42,7.72,1,19,2.61,2.68,3
37,5.08,9.7,4,43,4.68,7.88,0
40,4.89,6.36,3,3,9.97,3.0,3
53,4.1,5.37,1,111,3.84,2.15,1
19,8.17,2.53,3,75,1.21,6.92,1
27,4.11,9.74,4,116,8.22,4.49,0
28,8.26,2.09,4,84,4.75,3.59,1
35,9.27,8.33,4,62,3.22,3.5,3
36,9.97,0.38,4,85,8.93,0.48,1
66,7.2,8.58,3,116,2.16,3.19,0
35,6.0,0.85,1,8,5.17,0.6,3
60,5.49,4.32,2,16,7.07,7.14,3
60,4.05,1.1,1,47,0.18,6.95,3
69,7.27,8.58,3,22,2.96,4.49,3
45,8.27,0.95,3,32,7.39,5.28,1
26,8.91,0.06,2,70,5.87,3.6,1
28,6.86,1.33,3,16,1.77,2.91,3
41,9.38,5.78,4,18,1.6,5.72,3
23,9.79,9.41,3,47,5.58,6.53,2
38,8.64,5.7,4,111,4.3,4.69,1
38,8.84,1.31,1,29,8.01,6.17,1
56,8.44,8.71,4,64,8.44,2.09,2
27,7.56,8.87,0,47,3.61,5.01,3
23,5.89,9.74,4,51,5.63,0.96,3
45,8.76,2.73,0,60,8.28,5.66,2
50,8.74,1.3,3,87,0.21,5.03,1
37,6.73,4.74,1,103,0.33,1.93,3
50,6.56,6.35,0,51,4.91,1.73,3
24,4.71,8.5,0,32,9.59,3.54,2
44,8.05,0.56,0,54,7.96,1.93,1
21,9.37,6.92,1,74,0.65,7.8,0
61,6.41,9.57,2,75,7.3,1.82,2
63,9.56,6.03,3,100,9.2,7.32,2
44,4.29,5.67,1,60,6.86,2.54,3
47,5.78,8.71,0,77,0.21,3.73,0
52,8.46,8.16,4,90,1.86,6.34,0
48,9.34,9.16,3,31,1.88,2.09,3
37,8.96,3.34,4,13,5.49,5.77,3
46,4.12,1.18,4,33,8.45,2.63,1
46,7.07,9.14,2,68,8.47,2.48,2
38,6.72,8.78,0,52,7.52,0.76,2
42,7.74,1.58,3,65,4.48,7.34,1
26,7.98,1.51,3,26,1.07,3.13,3
23,8.34,4.12,3,3,0.34,5.48,3
51,4.23,9.78,1,29,0.71,4.33,0
20,5.45,7.74,2,39,9.28,3.43,2
22,8.75,1.15,0,21,8.21,1.8,2
18,7.75,0.73,2,44,1.75,0.57,3
35,8.05,8.07,3,74,5.1,5.34,2
48,6.69,3.09,0,87,7.57,4.35,1
65,5.75,7.86,1,6,6.24,2.86,3
60,4.14,6.1,2,99,9.93,5.43,1
64,7.85,5.23,1,51,7.5,4.08,2
50,5.36,0.17,1,85,7.93,4.63,1
68,4.19,6.74,2,81,5.62,5.1,0
62,6.49,1.49,2,8,4.04,7.0,3
67,6.65,6.71,1,80,6.26,0.41,3
19,8.85,0.54,0,20,4.41,2.02,1
55,5.47,1.37,2,81,8.62,2.76,1
34,8.46,6.59,4,17,2.62,7.84,3
68,8.12,2.89,0,114,4.27,1.49,1
64,9.59,7.07,0,49,0.77,3.78,3
31,9.02,8.78,2,5,8.23,1.23,2
35,9.54,2.69,4,82,6.7,3.71,1
21,5.91,2.32,0,37,3.48,6.1,3
18,7.69,1.01,1,9,4.52,6.2,3
20,7.89,0.28,0,71,1.29,2.01,1
38,9.54,0.73,2,7,2.94,0.11,3
35,9.03,5.84,1,32,9.47,1.97,2
53,7.68,8.61,4,115,5.53,2.9,2
65,9.03,1.84,3,114,3.92,4.11,1
21,9.08,5.19,4,57,4.37,6.58,1
40,7.68,5.1,4,70,1.89,2.05,3
30,5.87,4.5,4,30,4.8,7.39,3
57,8.76,1.3,3,116,0.68,0.1,1
19,9.36,7.76,0,30,2.65,4.97,2
26,6.95,1.28,1,46,6.78,4.4,1
32,4.44,1.96,2,16,4.85,2.68,3
34,9.1,3.56,4,88,1.76,2.58,1
28,9.81,7.72,4,16,7.62,0.31,2
33,9.13,9.27,3,28,1.13,0.27,3
18,4.05,7.76,2,64,2.13,3.0,3
50,7.57,3.15,3,86,2.99,7.92,1
32,8.58,1.0,3,92,3.71,0.32,1
19,7.89,5.7,1,89,8.38,7.69,2
23,6.34,7.41,0,74,9.45,5.17,2
52,5.28,4.18,3,3,5.98,6.24,3
63,4.07,4.27,1,116,8.89,1.68,1
32,6.95,5.99,2,75,3.83,7.55,3
32,5.73,4.69,3,97,8.89,2.62,1
22,8.32,6.14,1,6,3.51,2.51,3
32,4.07,3.99,1,4,9.07,7.15,3
38,4.84,5.87,3,63,7.84,0.9,3
46,7.68,9.86,1,53,9.57,2.74,2
56,8.16,2.0,4,23,3.24,2.73,3
67,8.87,1.56,3,100,0.64,1.55,1
50,5.35,5.47,1,70,4.97,3.15,3
27,4.87,4.64,2,104,2.52,2.61,3
32,4.89,8.12,0,108,7.65,7.64,2
52,6.22,2.85,0,94,8.69,6.92,1
38,9.41,3.13,1,14,4.9,3.65,3
18,8.94,8.79,0,89,9.61,0.96,2
58,8.96,3.6,0,68,5.36,1.84,2
52,7.83,3.04,1,35,1.9,1.49,3
36,9.83,9.79,3,82,8.8,1.71,2
35,5.07,0.01,1,111,7.15,5.52,1
46,6.61,1.5,4,63,6.79,6.66,1
50,7.11,8.59,1,20,8.87,4.5,2
65,6.21,3.76,1,61,2.44,6.66,3
40,4.92,6.16,0,89,5.77,6.61,2
67,6.77,7.91,3,60,7.91,4.48,2
50,6.81,4.25,2,92,1.72,6.1,1
39,8.69,4.32,1,117,3.49,2.61,1
40,8.23,6.8,4,94,3.3,5.45,1
58,6.58,0.57,1,102,8.53,1.76,1
33,4.15,5.7,1,98,8.4,4.65,1
37,8.2,0.94,3,49,2.99,5.01,1
64,9.04,8.07,3,111,6.68,5.64,2
47,7.99,9.57,4,50,4.03,2.99,3
56,9.93,7.83,1,84,4.25,4.83,2
64,6.79,8.96,3,94,9.16,6.63,2
38,7.7,1.89,3,68,6.53,0.43,1
30,6.38,1.93,4,78,0.49,7.11,1
49,5.78,4.15,4,92,3.06,3.76,1
25,6.51,5.25,4,83,6.13,4.25,1
58,8.71,2.94,2,33,3.83,3.29,3
20,6.31,7.79,1,53,0.6,4.65,3
66,6.97,3.11,4,40,3.69,0.79,3
43,4.61,8.02,0,91,8.42,7.26,2
22,5.25,7.65,4,42,2.34,3.92,0
43,7.75,4.95,3,32,2.77,3.81,3
53,4.76,3.86,2,16,5.99,7.49,3
44,5.62,0.35,0,9,9.86,4.18,1
38,4.93,6.3,3,117,8.6,7.53,1
59,4.58,0.4,0,68,5.75,5.91,1
60,7.38,2.78,2,107,1.65,1.39,1
41,6.47,7.46,1,41,6.78,6.11,2
66,5.45,6.84,1,81,2.45,6.84,0
61,5.08,2.85,0,51,2.91,1.87,3
62,7.03,2.47,1,114,7.19,7.01,1
60,6.68,3.47,4,42,7.58,2.57,3
51,4.57,5.83,4,3,3.37,6.03,3
63,9.3,1.67,4,34,7.48,3.18,1
64,6.24,8.46,2,21,7.52,1.71,3
39,8.4,5.15,0,8,7.22,4.92,3
37,6.34,2.84,2,15,2.59,6.04,3
35,8.75,7.43,2,103,0.5,4.88,0
64,5.01,6.62,4,105,9.16,6.23,1
61,8.27,0.58,0,60,0.85,7.23,1
48,9.56,8.11,1,16,5.7,2.45,2
52,7.36,6.85,0,18,9.31,4.56,2
38,9.54,7.48,4,32,1.87,7.16,0
25,4.57,3.22,3,0,1.11,6.49,3
52,4.33,6.57,0,52,3.73,7.0,3
57,6.18,7.3,4,92,5.43,3.47,3
36,7.77,9.35,0,97,8.23,4.69,2
39,6.26,4.68,1,49,1.78,7.4,3
38,4.87,1.21,4,19,0.0,0.15,3
34,4.22,9.84,2,49,3.59,2.34,0
22,6.95,1.94,0,12,4.81,5.39,3
42,6.58,4.73,4,57,8.17,6.6,1
55,4.65,4.73,4,103,6.11,0.8,1
54,9.98,1.79,3,48,2.0,3.31,1
65,4.87,6.11,0,14,1.96,6.12,3
23,7.6,1.0,3,108,0.78,5.0,1
69,7.94,9.19,1,26,1.92,2.17,3
32,9.35,9.71,2,47,5.43,7.65,2
48,4.5,5.17,0,110,6.7,1.01,1
23,5.25,8.0,2,93,4.68,1.74,3
43,6.4,5.21,3,7,3.4,1.43,3
44,8.28,8.82,0,32,0.75,7.67,0
18,9.44,6.25,1,113,2.96,4.01,1
32,6.93,1.14,1,73,0.8,6.01,1
34,7.96,5.18,3,101,4.87,3.4,1
18,9.24,8.87,1,20,8.86,2.17,2
26,9.18,5.96,1,89,7.86,7.12,2
29,5.75,4.02,0,61,2.44,6.71,3
60,4.34,5.06,4,117,7.12,7.34,1
61,6.15,4.41,3,46,6.32,6.41,3
48,7.32,0.74,3,85,3.67,4.97,1
25,5.71,2.83,3,24,7.56,2.12,3
51,5.3,8.84,2,76,4.44,6.8,0
61,6.66,1.21,0,41,5.7,4.27,1
57,4.3,1.81,3,45,1.36,4.72,3
63,7.75,2.38,0,104,9.26,6.52,1
62,8.32,1.61,4,3,1.68,5.82,3
37,4.39,4.44,0,14,9.08,7.56,2
32,5.86,7.78,2,117,0.75,0.88,3
51,4.93,0.34,3,76,4.82,4.58,1
20,9.69,3.69,1,61,6.89,7.84,2
59,9.97,7.35,4,66,7.39,1.45,2
63,9.08,5.4,3,63,5.64,6.49,2
56,8.05,5.49,2,43,2.55,7.08,3
27,5.56,4.76,0,8,0.42,5.39,3
69,8.36,4.56,3,86,5.43,7.81,1
57,6.56,6.45,0,81,1.5,5.27,3
57,9.99,5.79,1,82,5.87,2.2,2
53,7.46,4.18,1,62,1.54,5.66,3
38,7.61,6.1,2,30,9.15,5.4,2
66,5.09,5.44,3,30,9.79,2.16,3
25,9.67,2.73,2,89,4.84,5.61,1
31,6.06,9.69,0,22,1.93,2.85,3
52,9.44,9.98,0,44,0.55,2.64,0
21,6.57,8.24,4,78,3.75,4.52,0
55,9.45,9.7,4,112,2.23,4.21,0
41,6.88,7.29,3,72,1.96,5.24,0
24,4.26,0.66,0,46,1.05,0.18,3
35,6.37,9.25,4,63,1.82,4.91,0
48,8.26,6.78,4,18,8.85,0.53,3
18,6.04,9.55,2,78,5.39,4.08,0
40,8.04,9.25,2,67,3.0,3.47,3
67,6.82,5.3,3,14,1.4,4.3,3
24,5.23,5.44,4,110,3.96,1.51,1
30,7.37,6.6,4,114,7.26,6.32,1
22,7.76,5.53,4,43,1.87,2.81,3
57,5.12,5.04,4,53,2.36,7.48,0
64,6.59,3.06,3,69,0.81,2.53,3
34,6.07,1.86,4,112,1.0,2.45,1
64,9.5,6.28,2,54,9.04,0.68,2
26,5.14,9.27,1,33,2.1,1.59,0
32,6.16,4.27,1,9,8.71,0.05,3
50,6.47,7.16,3,17,2.7,0.37,3
19,8.36,2.07,1,39,6.47,2.18,1
29,9.77,2.35,2,45,1.48,5.62,1
56,6.02,1.7,0,117,4.84,5.83,1
49,6.59,8.7,3,14,0.95,2.77,3
69,4.21,4.14,2,71,1.84,2.3,3
52,4.13,7.39,3,45,8.62,1.34,3
26,4.83,4.19,2,22,9.32,4.81,3
46,5.05,3.53,0,89,4.47,6.32,1
25,9.27,4.05,2,64,2.34,4.26,3
43,4.37,6.52,0,54,7.27,2.8,3
42,5.28,5.36,4,111,6.16,5.07,1
19,6.79,0.2,4,84,1.87,5.09,1
68,5.19,4.8,4,17,5.66,5.45,3
42,9.57,3.48,1,34,5.71,1.96,2
57,9.77,1.83,2,103,0.39,1.47,1
30,9.14,3.1,1,5,3.57,6.66,3
58,8.86,9.84,2,12,5.4,1.58,3
35,8.0,4.47,2,58,8.54,0.82,2
37,5.38,7.91,2,95,2.3,3.83,0
67,6.23,3.18,4,23,1.64,6.77,3
62,7.53,5.37,1,104,6.19,3.66,1
34,5.08,8.13,2,36,3.36,4.24,3
27,6.59,4.46,2,12,6.07,1.48,3
19,4.38,3.3,0,11,0.55,1.41,3
67,6.23,7.3,3,78,2.8,4.88,0
18,5.6,3.45,0,38,8.96,2.84,2
43,5.29,0.37,0,52,9.17,3.68,1
22,9.27,7.55,4,75,7.31,2.21,2
67,8.78,3.46,1,89,2.62,2.63,1
42,9.42,2.76,4,21,2.02,3.1,3
39,9.13,4.36,2,81,7.48,7.3,1
49,8.55,6.26,1,77,4.56,6.4,2
56,7.58,8.93,4,78,0.66,5.64,0
57,9.94,2.8,2,34,1.83,2.89,3
64,6.08,2.08,3,15,0.52,2.4,3
28,7.58,2.51,1,23,5.04,1.52,3
35,6.57,8.65,2,113,8.65,4.64,2
47,7.19,6.83,2,72,8.56,1.34,2
24,8.27,3.76,3,5,0.94,2.97,3
19,5.47,5.06,2,67,6.47,4.43,3
44,8.12,3.2,1,35,9.46,5.98,2
47,7.05,1.24,2,40,2.57,2.16,3
68,9.98,9.42,4,72,7.01,0.98,2
36,4.5,9.15,3,88,3.94,2.42,0
22,9.19,3.9,4,85,2.63,0.36,1
33,4.32,8.89,1,106,7.17,1.05,2
63,4.61,3.47,0,91,8.11,1.73,1
54,5.13,7.59,3,27,5.15,0.51,3
39,5.9,4.84,0,81,2.3,2.02,3
61,4.87,0.3,2,50,5.27,4.3,1
57,6.89,9.69,3,23,8.86,3.39,2
31,5.77,0.21,1,40,1.7,0.08,3
61,8.93,9.73,0,40,1.05,5.47,0
46,4.31,9.39,0,103,1.13,7.27,0
50,4.89,3.78,2,65,3.09,7.09,3
68,5.96,1.34,3,11,8.27,7.92,1
69,4.2,4.83,2,105,8.45,4.82,1
25,8.04,6.09,3,46,4.18,4.48,3
48,7.97,6.61,3,62,7.05,2.12,2
28,7.08,4.76,2,83,6.44,4.9,1
33,7.0,6.75,3,47,2.42,0.01,3
26,7.28,5.57,3,28,3.82,2.55,3
24,5.5,6.09,1,41,5.19,4.31,3
26,9.38,8.62,0,2,9.26,6.39,2
43,6.24,8.89,0,114,3.15,7.53,0
36,7.21,3.01,1,22,3.9,0.01,3
25,8.77,4.9,3,112,7.63,1.35,1
48,9.68,2.92,4,78,7.56,0.58,1
28,7.0,4.75,1,78,2.47,7.82,3
33,4.01,8.94,4,8,1.89,1.69,0
69,5.89,0.85,1,48,7.48,1.77,1
53,7.06,4.17,4,15,7.21,5.05,3
42,5.91,9.57,2,80,7.24,1.49,2
64,6.49,1.49,2,33,7.85,4.4,1
24,4.57,3.19,3,43,6.78,5.84,3
35,7.46,6.76,0,42,1.93,4.6,3
18,4.57,4.95,4,32,4.82,0.45,3
59,6.94,0.87,4,75,1.91,4.55,1
59,5.54,2.4,2,49,3.38,0.86,3
34,8.18,9.96,1,23,3.55,2.25,3
50,8.92,7.85,2,0,7.57,0.42,3
42,7.77,7.62,3,12,9.65,4.65,2
19,7.57,8.51,3,8,1.27,3.17,3
60,7.17,2.73,2,65,3.13,1.4,3
45,4.73,1.83,1,46,8.42,3.1,1
33,6.38,5.99,1,58,0.74,0.28,3
48,4.82,6.88,0,45,3.96,5.0,3
42,8.53,2.21,2,59,9.8,7.84,1
24,6.56,1.31,1,39,4.56,4.25,3
24,8.74,2.01,0,84,6.01,1.28,1
57,9.26,5.24,2,18,3.1,2.38,3
57,8.02,7.99,1,58,6.18,3.68,2
32,7.11,6.54,2,108,0.67,4.13,3
57,9.71,4.86,3,5,6.55,0.83,3
65,8.02,0.13,1,83,6.83,6.12,1
44,8.35,8.95,0,2,5.97,0.98,3
64,4.96,0.98,1,68,7.2,5.62,1
20,9.53,0.36,1,82,7.1,4.66,1
69,4.65,5.25,3,16,7.36,7.4,3
65,4.62,3.43,1,9,4.16,7.72,3
61,8.99,5.91,1,86,8.94,0.56,2
56,9.24,3.37,0,99,4.29,6.89,1
44,9.69,3.57,4,17,9.18,0.62,2
24,5.14,8.51,2,26,9.71,6.3,2
50,9.5,7.42,0,84,3.63,4.05,2
37,9.6,0.35,3,31,7.23,7.71,1
44,8.11,0.27,2,85,7.65,7.17,1
43,6.37,6.08,4,106,7.62,0.8,1
38,5.55,2.85,1,86,3.79,0.08,1
31,7.96,5.75,4,91,2.01,2.14,3
20,6.55,9.16,1,88,3.99,6.0,0
20,7.91,4.87,1,96,9.16,3.11,2
29,9.89,8.31,1,0,6.94,2.69,2
40,9.67,0.19,1,29,6.91,4.6,1
36,5.3,5.86,4,105,6.57,0.13,1
50,6.94,4.89,2,41,1.91,2.57,3
26,5.73,4.09,1,33,1.35,0.21,3
42,9.0,8.02,2,14,9.34,0.88,2
54,4.12,6.53,4,119,6.73,4.71,1
22,7.37,4.65,0,16,1.47,6.73,3
36,6.84,7.55,2,113,9.64,2.6,2
49,7.27,1.8,1,78,9.31,1.17,1
69,5.92,3.83,1,83,4.42,5.03,1
36,5.29,1.87,3,101,7.48,2.25,1
50,4.25,8.09,0,49,3.17,1.01,3
28,7.38,9.75,0,8,8.95,5.6,2
21,4.94,3.44,3,5,0.16,2.32,3
36,4.66,8.29,3,20,1.87,4.34,0
36,8.5,0.71,2,60,1.75,1.13,1
52,7.88,3.56,3,39,2.58,3.67,3
62,5.68,0.29,0,77,4.34,3.74,1
47,6.22,1.51,3,98,3.49,5.64,1
44,7.06,5.21,2,42,2.89,1.13,3
48,4.06,2.48,1,72,7.7,2.56,1
32,7.64,8.61,2,112,1.07,0.74,0
34,9.38,3.33,0,42,0.14,2.79,3
29,4.18,6.73,2,72,9.32,7.01,2
47,8.97,0.4,3,3,3.15,7.0,3
47,8.51,7.93,3,108,8.67,0.15,2
43,6.94,8.13,2,42,0.7,1.23,3
63,7.25,2.22,0,11,7.67,6.5,2
29,5.54,2.66,2,12,0.24,0.41,3
55,9.29,8.94,2,101,0.8,1.25,2
34,6.46,8.38,2,77,5.22,4.32,3
66,4.01,0.98,2,20,7.05,1.64,3
64,8.57,5.83,3,9,8.38,7.06,2
21,9.33,8.51,3,72,7.59,0.78,2
36,5.05,5.13,3,98,8.56,3.84,1
68,5.8,2.89,3,9,1.52,0.66,3
40,9.41,5.41,0,47,2.25,1.33,3
30,9.39,3.04,0,21,7.7,6.57,2
69,5.22,1.87,2,119,2.47,1.85,1
56,8.14,6.68,1,97,6.89,0.56,2
24,8.22,8.31,1,0,7.8,6.05,2
22,8.17,7.74,4,90,4.28,0.98,3
19,6.85,6.54,2,71,6.37,7.08,2
26,6.37,6.54,2,61,1.27,0.39,3
41,6.27,8.1,4,97,3.7,6.73,0
34,6.47,3.72,1,90,6.63,5.92,1
18,5.84,9.62,0,115,3.72,3.66,2
37,9.9,8.08,0,99,0.45,1.2,2
64,9.07,6.96,1,70,7.92,0.74,2
18,5.56,5.82,3,84,0.22,0.32,3
66,7.96,8.57,0,114,9.89,6.16,2
49,9.25,7.07,4,102,8.2,2.68,2
68,8.04,3.05,0,101,9.36,4.69,1
64,6.04,5.97,2,72,6.45,2.93,3
68,8.85,5.71,3,70,7.62,0.85,2
57,4.19,7.73,3,60,0.38,3.44,0
23,5.24,2.62,2,81,1.22,0.63,3
29,4.66,6.1,4,79,0.58,4.36,0
54,9.82,1.97,0,88,5.38,5.38,1
38,5.1,0.09,4,50,4.83,1.48,1
19,9.38,0.21,2,77,9.19,2.83,1
48,6.14,3.92,3,113,8.86,1.99,1
59,6.09,4.0,1,103,9.94,1.35,1
66,5.02,4.73,3,84,4.11,4.82,3
35,8.62,9.69,1,72,2.43,0.32,2
38,9.11,6.26,4,106,0.36,6.13,1
41,4.52,8.62,1,2,5.24,7.32,0
32,6.51,8.81,0,97,3.8,0.39,2
54,6.43,0.4,0,24,2.1,2.63,3
65,5.41,2.44,2,8,3.19,5.42,3
53,6.08,4.51,1,55,0.15,0.44,3
25,9.44,9.59,2,16,6.31,7.47,2
58,4.38,3.78,3,113,2.21,1.23,1
69,4.08,7.27,3,10,3.75,3.75,3
69,6.4,3.61,2,10,7.19,3.52,3
31,6.93,7.74,4,64,6.12,1.92,3
58,9.52,6.54,1,79,5.25,5.44,2
25,7.93,3.08,0,33,7.61,6.81,2
67,6.66,5.52,0,23,7.21,0.5,3
58,6.08,1.87,1,11,6.8,2.1,3
18,5.1,9.41,3,28,8.52,2.74,3
25,5.01,1.64,2,17,1.8,1.62,3
56,6.51,7.79,0,50,9.83,1.45,2
67,9.09,5.93,1,118,5.56,3.88,1
67,4.7,4.15,2,96,2.54,0.71,3
48,9.12,7.79,1,109,4.86,6.7,2
69,9.31,2.52,3,12,7.78,3.94,2
46,6.22,8.89,4,1,5.16,2.66,3
57,7.92,3.14,3,78,1.91,5.55,1
30,5.64,4.09,2,91,6.39,4.26,1
51,6.25,8.82,4,36,4.93,5.12,0
22,5.31,5.42,3,39,7.23,0.23,3
61,6.91,4.43,0,64,9.87,2.18,2
59,7.23,1.46,3,5,8.58,1.59,3
21,7.76,0.81,1,79,0.52,4.44,1
18,9.24,5.25,1,105,7.17,0.88,2
24,5.84,0.49,3,26,7.87,7.66,1
24,9.06,8.07,4,71,2.69,2.27,3
63,7.86,9.95,1,13,3.7,2.82,3
37,6.83,2.69,2,69,4.09,0.42,3
46,7.75,9.88,4,111,0.66,7.66,0
22,7.68,0.96,1,97,2.51,7.32,1
63,4.92,1.08,2,93,5.55,0.85,1
26,8.06,5.41,4,7,5.23,1.51,3
35,9.35,5.94,4,9,4.27,0.91,3
36,4.63,9.91,2,8,1.99,4.21,0
32,4.96,1.41,4,79,7.61,3.98,1
34,9.31,0.17,3,21,9.26,2.83,1
65,8.27,4.85,3,102,5.37,7.55,1
45,9.01,7.39,3,1,0.17,3.84,3
35,9.81,6.26,0,23,1.33,3.08,3
30,7.23,0.87,4,58,4.55,5.72,1
47,5.26,8.37,2,72,1.87,3.25,0
22,8.86,9.4,3,17,2.3,0.3,3
49,8.03,9.71,3,117,4.86,4.01,2
57,6.32,9.06,1,114,2.19,3.99,0
29,5.85,2.79,3,61,1.32,4.06,3
26,8.82,4.52,1,52,8.1,3.42,2
47,7.08,9.31,2,58,5.64,7.09,0
65,5.38,5.79,1,96,7.87,2.92,1
64,4.4,7.15,1,84,1.96,3.75,0
34,5.26,4.17,3,94,2.13,3.12,3
46,5.74,2.33,1,48,4.15,0.99,3
25,7.16,2.5,3,38,7.74,4.86,1
27,8.12,0.34,0,24,2.82,0.59,3
43,9.34,4.37,3,98,2.04,2.25,1
61,8.74,0.75,3,73,3.96,4.69,1
29,4.82,1.61,3,0,2.05,5.72,3
65,7.27,2.77,4,115,1.15,7.54,1
67,7.63,3.92,0,52,6.7,2.59,2
61,8.43,9.07,4,6,5.35,4.09,3
63,5.5,2.29,3,79,5.36,4.66,1
31,6.03,0.72,1,53,8.33,5.5,1
21,6.91,2.01,0,111,3.45,1.1,1
34,7.07,6.29,4,107,5.71,1.2,1
38,9.23,3.33,2,101,6.08,3.11,1
32,9.63,6.07,4,68,5.02,6.9,2
38,5.5,8.88,0,92,7.29,2.77,2
43,7.27,2.05,0,110,3.32,3.64,1
47,6.25,7.61,3,72,7.93,6.15,2
50,7.5,4.78,3,42,1.98,4.37,3
55,5.07,0.51,1,23,1.54,6.9,3
53,4.5,1.86,2,90,5.65,4.03,1
50,7.62,9.91,3,14,8.67,6.79,2
28,7.81,9.05,4,30,0.84,6.19,0
57,5.88,2.71,3,31,2.31,7.33,3
28,4.25,9.19,0,101,3.84,3.77,0
60,9.84,3.03,2,16,0.09,1.51,3
42,4.86,4.45,3,42,4.96,6.96,3
38,4.31,7.43,1,67,1.4,5.37,0
18,4.08,1.1,4,84,1.93,6.42,1
50,7.71,1.41,0,70,9.33,1.8,1
33,6.11,2.25,3,33,3.42,0.61,3
42,6.82,3.84,3,17,5.55,1.01,3
64,6.06,2.26,2,5,4.57,3.2,3
32,9.62,9.56,4,63,8.44,0.79,2
62,5.12,5.61,4,89,8.83,0.56,1
53,7.35,4.46,1,80,9.03,0.07,2
46,9.18,1.1,0,84,5.69,0.29,1
63,6.12,2.23,3,33,9.51,1.66,1
49,5.6,9.85,1,7,3.62,5.21,0
64,5.64,2.69,2,1,7.11,7.85,3
42,4.49,6.88,0,68,0.35,0.48,3
54,8.23,8.51,0,89,7.43,3.92,2
34,7.6,2.58,4,30,3.15,5.87,3
62,5.79,1.59,4,114,1.96,4.66,1
48,4.65,7.49,1,118,0.85,2.17,0
40,4.47,1.18,4,91,7.75,4.11,1
19,4.53,1.56,1,102,7.19,0.37,1
47,5.94,8.23,0,88,8.92,4.5,2
40,7.26,6.37,3,49,4.34,1.54,3
30,7.69,9.95,2,66,5.46,0.96,2
69,9.15,0.58,4,13,5.39,6.89,1
53,5.59,8.35,3,61,4.06,7.77,0
29,4.29,1.48,4,31,8.93,1.49,1
37,6.78,1.04,1,98,3.76,4.62,1
22,9.35,4.16,2,32,9.55,1.25,2
69,8.86,9.53,2,110,1.52,2.61,0
30,8.55,6.41,1,97,7.83,1.45,2
20,4.77,4.99,3,83,8.38,7.49,1
42,5.1,6.17,3,93,0.8,0.0,3
32,9.5,2.33,0,27,1.54,2.85,3
38,9.62,8.48,2,42,4.49,4.29,2
18,6.41,4.8,0,72,3.44,5.19,3
18,8.15,3.26,3,35,9.0,1.75,2
64,8.99,3.18,3,88,9.84,7.01,1
53,7.62,9.31,1,1,3.36,4.34,3
60,5.67,2.89,3,50,0.3,3.05,3
45,8.7,7.46,0,35,8.93,1.82,2
24,7.28,3.42,1,62,0.58,7.5,3
26,6.8,3.26,0,66,0.16,3.45,3
57,6.02,0.31,3,58,1.42,7.91,1
24,7.39,2.28,1,46,0.12,3.91,3
61,8.03,9.79,0,107,9.27,3.19,2
40,4.3,1.36,0,71,8.26,2.12,1
22,4.02,4.02,4,98,6.24,5.43,1
32,7.86,3.98,2,100,9.26,1.74,1
50,5.93,0.13,0,74,9.03,6.63,1
39,6.8,8.98,0,80,8.26,2.33,2
64,5.72,2.33,1,95,7.85,3.9,1
20,4.92,8.45,1,102,9.32,2.0,2
43,5.07,5.32,0,73,8.83,2.46,2
36,6.09,0.44,0,41,3.56,2.58,1
67,6.67,0.92,3,97,1.64,0.61,1
67,5.71,6.15,2,101,5.96,5.8,1
34,6.19,5.43,2,55,8.99,3.76,2
63,7.09,5.97,0,97,4.68,2.49,2
19,5.21,9.94,0,57,5.01,1.55,3
26,5.14,2.28,4,3,7.03,6.15,3
61,5.76,8.28,1,54,3.66,4.89,0
54,4.33,7.76,3,94,5.27,1.47,0
23,7.28,9.54,0,11,6.06,1.69,3
19,4.04,1.81,3,119,5.38,7.35,1
30,5.14,5.53,3,61,3.9,6.48,3
62,4.35,8.56,0,110,6.88,2.91,2
27,6.19,6.48,3,48,5.58,6.29,3
41,8.67,8.94,0,11,4.65,0.69,3
42,8.89,2.9,2,8,8.16,5.66,2
63,7.21,1.3,3,113,7.1,4.22,1
64,9.58,7.89,3,36,2.05,1.66,3
22,7.92,5.35,1,45,6.97,4.78,2
40,8.48,6.71,0,21,2.44,0.18,3
23,6.37,7.67,0,73,3.49,6.44,0
21,8.44,7.98,4,4,3.05,3.96,3
45,5.4,5.15,0,86,1.54,3.63,3
64,9.37,4.44,4,33,9.6,0.8,2
45,8.77,7.51,1,40,3.98,1.65,3
40,5.73,2.08,3,16,0.13,4.87,3
31,8.25,6.6,1,18,2.91,1.04,3
65,7.94,4.62,2,9,1.12,0.68,3
67,5.26,7.84,4,88,4.77,7.9,0
67,7.42,9.97,1,48,5.38,3.64,3
27,6.61,4.28,3,9,8.06,5.85,3
37,8.31,3.37,2,91,4.98,2.94,1
54,6.92,1.94,3,99,6.33,1.32,1
45,6.58,8.97,1,62,2.49,7.51,0
35,7.84,2.72,0,98,0.37,6.15,1
60,8.37,2.52,4,118,9.83,1.96,1
62,5.75,5.97,1,24,6.95,6.54,3
19,7.73,4.62,1,50,3.92,3.22,3
26,9.47,8.13,2,7,5.87,7.32,2
65,5.21,5.9,2,5,9.86,3.71,3
20,4.71,2.32,2,37,1.77,5.46,3
23,5.75,5.87,1,26,5.49,0.1,3
68,4.72,4.09,1,2,1.07,7.6,3
60,7.3,0.78,0,46,0.99,6.84,1
25,4.21,6.53,3,79,9.31,5.49,1
68,8.61,0.71,2,104,2.71,6.04,1
63,5.3,7.59,1,77,9.23,3.01,2
32,7.43,0.39,1,44,3.49,1.44,1
64,8.0,4.72,4,26,6.41,0.48,3
41,4.52,4.17,2,7,3.84,7.28,3
42,7.93,4.54,0,61,8.84,5.33,2
23,5.09,6.32,4,4,4.54,0.67,3
43,5.36,8.98,0,2,9.17,5.14,2
65,7.07,1.13,1,9,7.33,3.15,3
26,5.5,3.34,1,98,9.59,6.39,1
69,9.61,6.91,4,2,6.15,6.96,3
66,4.73,4.94,1,104,5.69,3.61,1
29,9.76,1.74,2,87,1.13,0.43,1
21,9.4,7.27,1,53,9.35,0.52,2
31,6.19,6.5,3,53,1.32,6.51,0
41,7.36,2.58,4,99,7.31,2.39,1
57,8.13,8.92,2,80,4.95,7.53,2
37,5.3,4.63,3,23,3.39,2.39,3
60,8.64,1.5,1,76,1.77,5.3,1
48,5.38,2.91,4,72,4.58,0.19,3
27,6.35,4.39,0,83,1.82,7.79,1
22,9.25,3.42,3,61,5.35,3.67,1
33,8.09,3.53,4,92,8.85,6.38,1
18,5.08,7.5,0,12,6.88,2.79,3
46,6.06,5.62,4,4,2.77,3.18,3
47,7.18,3.81,2,27,9.82,2.96,2
37,5.17,1.31,0,47,1.44,1.64,3
21,6.77,0.29,3,94,8.36,3.27,1
24,4.64,6.19,4,44,2.91,3.31,3
46,9.28,1.55,1,34,3.29,2.95,3
29,6.96,1.43,0,72,2.56,7.79,1
58,8.23,7.42,2,15,3.37,0.89,3
67,7.28,2.38,3,76,7.72,7.59,1
50,5.22,9.46,1,53,2.12,0.65,0
42,7.33,7.91,1,33,2.65,5.34,3
40,5.59,3.11,2,85,8.84,0.04,1
62,6.42,9.2,4,115,0.66,4.92,0
34,9.22,8.92,0,60,5.25,2.65,2
39,8.29,5.22,2,8,3.93,7.72,3
59,4.64,6.31,0,66,8.9,6.01,2
20,4.0,4.72,4,63,2.15,1.56,3
60,7.13,3.8,0,82,3.35,3.13,1
63,6.47,2.36,0,80,6.22,0.3,1
19,8.18,1.1,0,66,5.05,5.62,1
20,5.53,2.47,1,110,0.68,3.43,1
65,7.29,3.82,1,69,3.1,0.25,3
46,4.21,8.63,0,102,6.39,7.38,2
37,8.37,9.96,1,37,3.42,7.2,0
18,8.57,3.54,0,90,4.35,0.2,1
50,9.04,9.65,1,60,5.59,5.03,2
48,4.56,0.63,3,78,5.72,7.72,1
61,6.11,5.53,0,106,9.03,2.9,2
63,9.35,9.88,4,100,5.72,6.97,2
49,9.71,8.18,2,25,8.8,7.84,2
37,7.17,5.94,4,78,1.17,4.56,3
47,6.83,7.99,2,50,1.59,3.18,3
53,7.93,4.67,3,60,3.79,7.43,3
42,5.4,8.3,0,94,2.36,3.02,0
21,7.32,5.37,0,108,2.07,1.27,1
66,9.45,0.57,2,94,6.86,2.45,1
50,4.67,4.52,0,20,8.94,7.72,2
55,9.1,9.78,0,31,5.36,7.73,2
35,9.56,7.06,2,26,3.02,0.54,3
42,7.25,6.02,3,14,0.13,6.57,3
62,9.93,4.4,4,20,6.53,6.81,2
26,7.49,7.09,3,57,2.49,1.45,3
29,8.75,8.84,3,36,2.68,0.99,3
58,7.87,5.59,0,13,9.32,5.02,2
68,8.65,5.4,2,64,3.49,4.67,3
19,5.36,9.75,0,46,0.76,7.49,0
69,6.4,5.93,3,56,2.45,7.13,3
27,7.87,1.31,3,37,9.81,6.44,1
23,7.45,1.8,4,16,9.53,1.94,1
20,8.94,1.52,3,112,3.34,6.61,1
48,8.24,6.39,3,4,9.62,6.86,2
50,5.2,5.43,3,14,6.73,5.52,3
45,6.34,4.02,0,68,3.61,5.54,3
54,4.52,0.2,2,50,4.39,6.29,1
34,7.62,4.14,2,29,5.65,0.51,3
23,6.08,5.67,2,12,2.72,5.94,3
22,7.19,1.77,4,93,2.92,6.33,1
22,7.52,6.33,0,97,7.95,5.66,2
51,5.17,8.13,3,11,2.59,2.61,3
60,7.98,6.74,2,93,6.31,3.09,2
61,9.3,2.23,1,47,6.82,3.53,1
56,9.49,0.36,0,111,1.94,4.02,1
68,6.97,0.13,3,35,7.97,1.54,1
25,9.44,2.35,2,99,8.64,5.63,1
43,8.48,9.28,0,62,9.7,2.76,2
39,4.07,6.21,3,62,3.45,4.18,3
69,5.06,0.13,0,1,6.66,4.05,1
29,7.09,9.83,3,41,5.84,2.79,3
24,8.95,0.33,0,94,7.5,7.57,1
28,5.53,4.32,3,32,5.88,6.05,3
43,6.29,0.25,2,52,9.15,1.9,1
43,7.6,5.26,2,55,8.73,1.64,2
21,6.12,6.39,1,30,8.45,3.8,3
69,5.69,9.09,1,63,5.82,6.37,0
57,9.28,8.96,4,17,2.66,4.72,3
32,7.91,7.08,2,12,5.64,3.22,3
44,8.59,4.05,0,112,4.1,0.62,1
63,5.62,5.99,2,0,5.97,2.33,3
26,6.73,5.91,4,73,6.96,5.63,1
54,6.37,2.55,1,89,6.93,0.75,1
23,4.98,3.46,2,101,3.84,4.88,1
22,4.45,9.89,1,115,7.53,1.97,2
54,9.03,1.7,3,77,8.56,7.0,1
32,8.38,2.38,3,6,5.67,2.28,3
68,5.08,0.82,2,58,4.85,7.41,1
55,4.24,4.32,1,25,6.48,7.73,3
29,5.27,0.75,1,8,3.11,4.65,3
20,8.04,1.79,1,38,3.67,3.77,3
63,4.38,9.06,3,10,3.51,1.72,3
50,7.45,2.14,2,38,5.47,3.85,3
39,6.68,1.23,4,108,8.36,4.36,1
30,7.13,5.53,2,111,9.61,6.0,1
52,4.97,4.09,1,29,6.34,3.06,3
56,6.37,4.24,1,119,5.46,5.21,1
59,4.33,4.91,0,93,1.6,3.06,3
54,9.5,7.26,1,7,4.03,0.02,3
51,4.0,7.63,1,14,9.03,7.27,2
57,4.25,3.96,4,31,7.33,7.63,3
58,4.63,9.82,4,40,1.65,4.19,0
65,7.26,6.67,0,64,0.97,3.73,3
23,7.75,6.4,3,60,9.82,5.23,2
52,4.32,1.8,2,56,2.91,0.46,3
23,8.1,9.63,1,58,6.31,1.69,2
27,7.14,3.46,0,80,2.32,0.38,3
33,5.09,3.24,1,10,9.5,4.65,3
68,4.9,3.5,0,88,6.48,6.9,1
61,4.87,6.06,1,98,9.54,3.33,1
18,4.46,3.48,2,88,9.03,1.34,1
42,6.99,9.77,3,51,3.59,1.12,3
48,7.42,5.01,4,65,6.16,1.36,3
60,5.29,0.25,2,66,1.46,6.95,1
60,7.14,6.18,1,1,7.92,3.75,3
60,5.86,9.99,3,15,4.23,4.95,0
51,5.03,8.3,3,42,9.84,5.75,2
28,9.03,7.29,0,97,5.77,1.01,2
52,8.7,6.64,0,23,4.82,5.34,3
31,5.24,4.75,2,4,2.08,4.87,3
47,9.84,6.06,4,14,3.28,3.95,3
52,9.56,4.55,3,69,4.08,5.54,1
53,6.25,6.21,4,59,7.36,6.52,3
42,8.8,5.06,0,83,0.53,2.04,3
34,9.5,5.0,4,41,8.33,4.3,2
60,5.18,0.93,0,74,4.38,0.02,1
62,8.85,6.12,2,42,4.73,5.46,3
54,9.84,1.51,2,104,4.78,5.99,1
22,7.17,8.04,1,27,7.88,5.44,2
36,9.14,8.95,2,40,7.25,4.39,2
36,9.45,4.17,3,106,3.64,5.63,1
35,6.97,5.88,4,8,5.49,6.86,3
53,4.26,9.69,1,57,3.36,1.18,0
56,4.46,3.1,1,80,7.0,6.62,1
26,9.8,4.39,0,2,7.23,0.57,2
23,8.54,5.18,0,48,4.07,4.25,3
52,8.9,2.06,4,11,2.04,0.97,3
38,4.47,1.22,1,51,0.68,7.26,1
49,7.44,8.39,3,40,1.31,4.74,0
26,9.13,9.06,3,47,8.25,5.96,2
40,8.61,1.41,0,29,9.48,2.32,2
65,9.73,7.06,0,114,0.34,6.62,2
56,6.32,8.8,1,17,3.79,5.07,3
44,4.27,5.57,3,46,8.07,4.49,3
45,4.55,4.33,0,46,9.38,7.9,2
46,7.55,5.39,4,59,9.73,4.48,2
27,7.67,5.23,1,30,8.3,5.63,2
64,7.64,6.19,4,27,1.7,2.94,3
62,6.13,6.82,4,60,8.77,0.64,2
29,4.19,9.03,2,95,0.41,3.91,0
56,8.59,1.97,2,111,7.95,7.12,1
34,6.55,9.25,2,25,2.67,0.51,3
19,4.99,2.84,1,87,4.53,1.98,1
38,7.75,1.39,3,13,3.65,3.83,3
68,7.71,8.2,0,60,3.49,7.67,2
38,8.29,5.24,0,33,1.63,1.62,3
22,7.65,7.66,2,108,2.23,2.48,3
45,5.42,7.44,2,50,2.95,6.42,0
41,7.16,0.4,0,76,4.95,2.77,1
33,8.75,3.55,1,33,8.51,2.36,2
43,5.04,2.09,0,44,0.7,3.77,3
38,4.53,8.46,1,22,3.36,1.7,3
60,8.07,8.89,3,115,6.64,4.19,2
27,8.29,9.28,2,56,6.09,0.93,2
27,8.02,3.62,3,119,8.7,3.1,1
62,6.81,0.22,0,7,6.02,6.41,1
64,5.95,5.16,3,93,3.39,6.79,1
39,5.44,5.43,2,92,5.88,4.08,1
64,8.31,0.85,2,108,5.71,7.31,1
61,7.88,1.61,3,104,4.91,3.48,1
30,9.6,7.2,4,119,5.9,3.5,2
27,8.87,5.62,2,24,9.58,5.98,2
51,4.4,0.45,0,98,5.7,1.89,1
46,7.24,3.04,0,15,0.66,7.56,3
65,7.41,7.8,0,67,2.56,4.23,3
20,9.74,4.24,2,16,5.32,6.41,3
26,5.39,3.34,1,16,0.39,1.1,3
65,4.46,7.53,2,111,9.13,5.84,1
37,4.04,4.94,1,42,6.51,3.19,3
43,7.26,2.76,4,28,1.7,6.4,3
51,8.23,3.22,2,35,5.64,6.82,3
47,7.7,2.43,4,96,6.97,0.41,1
38,8.33,7.0,2,37,5.96,5.09,3
33,5.75,3.04,4,101,0.36,7.62,1
37,9.98,6.11,2,71,2.28,0.81,3
31,5.77,5.49,3,9,5.89,7.32,3
27,5.03,5.7,2,50,7.74,4.37,3
60,4.03,1.88,4,47,7.2,3.4,1
67,6.24,4.79,2,25,6.8,1.77,3
45,5.28,4.09,1,48,3.3,3.8,3
66,6.11,4.57,1,62,4.05,0.83,3
19,9.31,8.86,4,17,4.19,3.05,3
56,6.26,6.18,0,3,4.5,0.98,3
34,7.73,0.8,2,118,3.82,1.06,1
43,5.43,2.63,3,80,1.95,6.73,1
54,4.82,5.68,2,62,5.26,0.73,3
30,8.37,7.61,2,15,6.63,1.73,3
60,7.34,5.26,4,29,3.13,1.8,3
19,5.53,6.99,3,2,8.85,1.86,3
55,6.56,3.35,1,95,7.82,0.18,1
49,6.29,4.82,3,67,7.52,3.09,1
64,7.83,0.65,3,90,4.24,3.94,1
64,7.52,3.72,2,14,9.61,5.72,2
23,6.16,3.92,3,83,5.02,4.99,1
57,9.92,2.98,1,49,2.43,7.07,1
48,5.59,0.37,1,80,1.28,2.94,1
32,8.35,5.97,4,93,0.52,6.14,0
55,5.69,5.84,3,75,5.06,4.08,3
42,7.51,1.47,2,92,3.85,0.03,1
51,7.02,8.04,0,55,4.82,2.82,3
61,7.66,1.7,3,94,9.9,0.06,1
59,4.11,7.2,4,98,6.94,1.71,1
22,7.95,4.4,0,98,6.34,0.92,1
53,7.24,4.5,2,80,4.69,7.05,1
65,8.83,6.38,1,116,4.86,2.54,2
20,9.8,7.27,0,99,6.51,1.74,2
18,8.94,1.15,1,33,3.42,0.94,3
67,5.45,7.21,0,41,1.45,6.05,3
61,6.86,7.79,2,75,7.54,6.92,2
68,6.45,9.82,1,16,6.39,1.29,3
42,9.86,4.49,1,31,5.39,3.99,2
20,9.3,4.1,3,7,3.49,1.3,3
58,4.85,3.87,4,54,9.85,2.81,1
35,5.07,2.96,2,71,3.71,0.18,3
26,8.24,0.7,2,70,5.47,2.23,1
44,4.49,4.82,2,31,4.39,7.47,3
35,6.88,4.81,1,63,1.4,4.1,3
50,4.44,0.07,3,96,4.17,6.37,1
18,9.68,3.91,4,45,3.88,1.17,3
65,4.84,1.35,2,39,3.78,7.69,3
63,6.2,7.79,1,45,8.86,4.17,2
45,6.16,8.89,3,92,1.45,4.73,0
37,7.01,3.31,0,2,3.56,3.43,3
57,6.32,0.86,3,35,2.66,4.12,3
35,7.81,5.19,4,16,2.74,7.37,3
24,7.56,5.82,3,11,1.73,6.82,3
46,4.45,5.45,4,49,4.07,3.53,3
42,6.87,5.61,1,81,4.1,6.71,3
27,5.14,7.31,2,84,9.07,6.32,2
66,7.8,6.43,3,24,4.93,5.55,3
32,6.17,5.19,4,111,5.62,7.95,1
43,7.72,0.7,0,96,3.35,2.95,1
48,6.36,7.34,1,116,2.52,2.84,3
68,7.17,7.05,1,4,9.43,4.35,3
41,7.97,8.99,0,81,9.05,7.18,2
18,4.65,4.59,3,17,0.28,0.46,3
47,7.42,2.35,1,104,8.53,5.86,1
69,4.98,9.32,0,85,8.72,2.01,2
43,4.95,7.82,3,91,1.83,0.93,0
55,9.09,1.69,0,60,5.07,0.15,1
50,6.85,4.22,4,34,0.45,2.89,3
62,4.11,6.09,4,21,2.37,1.77,3
35,4.2,6.08,1,100,9.9,3.87,2
61,9.71,7.1,1,36,1.69,3.69,3
26,7.84,4.56,1,18,0.16,1.39,3
35,5.23,5.75,4,116,9.58,6.84,1
44,6.09,9.95,4,70,2.39,4.54,0
50,7.44,9.89,3,107,0.43,1.59,0
40,9.14,1.78,0,95,5.38,7.03,1
42,7.42,0.19,4,112,7.12,0.92,1
45,7.54,8.71,1,69,4.86,7.69,2
62,8.23,1.19,1,110,9.69,1.25,1
57,8.64,2.82,0,73,9.06,2.88,2
43,9.99,9.53,0,52,4.65,1.22,2
53,6.29,7.75,2,71,1.53,4.66,0
62,4.6,1.41,0,66,5.36,2.31,1
20,8.64,8.81,1,65,9.0,2.46,2
56,4.79,3.4,4,91,8.52,5.13,1
61,6.88,5.99,2,89,4.8,5.26,3
25,7.42,8.02,3,5,7.88,5.57,3
60,6.13,0.46,3,16,1.27,2.96,3
22,7.45,4.16,4,16,4.05,2.97,3
33,8.58,7.4,2,11,8.41,4.53,2
57,4.12,7.68,2,44,7.08,6.63,0
64,5.39,5.56,0,34,3.54,5.94,3
18,6.1,9.94,2,52,8.24,5.8,2
60,5.45,2.78,4,35,7.24,7.28,1
53,7.52,9.18,2,47,5.53,1.41,3
63,6.95,6.55,1,111,1.4,1.29,3
29,9.45,8.14,4,50,6.07,0.98,2
63,9.09,2.3,0,66,2.35,5.41,1
52,8.78,1.73,3,80,9.53,2.92,1
44,6.74,0.29,2,37,2.03,4.45,3
33,8.29,8.61,1,109,9.66,2.73,2
25,4.3,6.1,0,87,8.78,5.03,2
39,8.85,9.23,0,109,0.9,7.53,0
43,5.75,1.52,2,18,0.62,0.65,3
52,6.45,6.75,0,1,9.53,2.23,3
52,5.16,4.57,3,100,1.56,6.25,1
48,9.53,1.19,1,79,3.34,7.32,1
40,8.61,3.54,2,27,9.41,5.01,2
51,9.54,3.93,1,51,8.94,4.7,2
62,9.42,0.21,1,20,9.31,3.16,1
38,4.72,1.19,4,108,2.42,0.28,1
57,6.22,8.09,3,95,8.82,0.44,2
34,8.65,2.64,0,30,3.1,5.18,3
18,9.12,7.55,1,25,5.28,0.23,3
65,7.94,4.66,4,66,6.44,2.97,1
55,8.54,8.89,0,86,5.74,3.43,2
53,7.61,8.13,3,15,5.7,5.63,3
69,9.63,0.77,1,110,0.09,3.47,1
53,6.81,0.78,0,89,9.53,0.89,1
68,7.85,0.64,2,68,4.52,1.26,1
52,6.63,8.0,1,23,6.57,1.08,3
55,5.02,0.04,4,107,0.9,3.15,1
52,4.11,5.45,3,68,6.22,6.08,1
64,7.66,5.95,4,28,5.55,7.46,3
59,6.05,9.31,1,62,1.79,5.31,0
20,7.22,0.24,0,100,5.26,7.11,1
61,5.83,0.96,2,82,2.73,7.83,1
45,6.72,7.72,2,13,5.08,5.01,3
60,8.86,9.5,3,55,7.37,5.3,2
47,6.69,0.61,1,103,0.85,2.67,1
37,9.61,1.48,1,29,8.23,5.67,2
57,4.35,2.09,4,118,4.43,0.66,1
52,5.32,9.21,3,84,7.37,6.35,0
53,9.41,8.31,3,83,7.16,7.21,2
21,7.64,3.8,2,44,6.78,2.63,3
58,9.47,8.25,2,103,3.88,1.92,2
54,9.83,5.74,3,12,9.88,7.87,2
54,5.82,3.14,4,58,2.01,5.69,3
62,6.28,6.23,1,39,7.51,1.55,3
51,4.28,5.2,1,65,0.95,3.39,3
23,8.95,0.79,4,40,0.01,7.84,1
53,8.12,9.95,3,4,7.24,3.96,3
64,5.43,4.36,0,49,0.63,7.54,3
52,6.05,3.09,3,36,3.05,0.42,3
41,5.96,6.3,2,29,7.34,7.18,3
55,5.91,4.32,0,48,8.79,5.61,2
38,8.39,8.12,4,77,6.82,3.52,2
53,6.27,5.9,3,39,0.66,3.46,3
39,6.58,8.18,0,15,7.32,0.62,3
29,4.65,0.38,0,14,2.86,0.9,3
20,7.39,4.39,4,94,4.64,1.32,1
64,7.45,5.61,0,118,7.58,5.37,2
53,4.67,4.59,4,106,0.44,2.56,1
29,5.17,3.65,3,49,6.68,6.4,3
68,5.96,6.14,3,84,7.02,2.94,1
61,9.12,1.72,2,76,7.34,6.19,1
54,5.35,7.96,3,29,0.25,5.52,0
49,4.09,8.81,1,58,5.93,2.87,3
19,5.74,6.6,2,7,5.61,0.96,3
26,9.74,7.23,2,1,8.31,0.79,2
29,6.58,7.19,1,70,9.93,3.4,2
22,7.29,7.88,3,33,0.9,5.14,3
23,7.77,7.82,2,42,6.72,1.19,3
63,8.44,9.51,3,0,5.11,0.45,3
50,7.31,0.47,4,21,2.23,0.32,3
41,6.77,8.35,1,6,6.69,0.11,3
58,7.82,1.88,2,90,8.7,3.36,1
27,9.33,5.15,3,118,2.98,3.59,1
67,5.28,9.35,0,115,6.5,6.07,2
46,5.42,6.92,3,108,2.39,2.06,3
23,5.38,0.85,3,56,7.79,4.01,1
34,6.33,9.6,1,114,1.11,6.01,0
33,8.86,7.68,2,55,8.54,6.01,2
61,8.04,4.36,1,82,7.72,7.41,2
23,7.88,9.47,4,76,4.82,5.37,0
34,4.63,3.23,4,36,9.42,2.56,1
24,7.89,7.1,1,46,9.46,1.66,2
43,5.32,7.33,2,100,0.12,4.14,0
20,7.21,3.78,3,44,2.76,3.99,3
18,9.74,2.24,3,21,6.03,3.0,1
59,7.41,3.75,3,2,1.64,0.51,3
41,4.3,8.83,2,19,0.82,6.86,0
44,9.7,9.84,0,0,0.13,0.23,3
49,9.78,5.71,4,39,8.85,1.98,2
36,7.59,3.74,3,16,1.33,7.53,3
37,8.59,7.4,0,28,4.65,6.74,2
25,4.92,9.76,3,47,7.18,1.15,3
62,5.15,4.5,3,67,6.64,0.5,3
45,9.7,7.03,4,74,3.29,5.55,2
69,7.7,1.35,4,111,8.1,4.55,1
42,4.82,7.59,2,12,4.36,3.47,3
32,9.84,3.64,2,93,4.69,3.75,1
62,9.29,7.5,2,13,4.62,1.48,3
41,4.68,6.8,4,31,6.66,2.1,3
27,9.34,9.9,3,97,9.68,3.41,2
46,8.4,4.05,0,118,7.7,4.39,1
46,8.03,2.37,4,16,8.01,3.91,1
37,6.25,7.17,3,44,3.43,0.57,3
53,7.57,8.45,3,106,6.58,6.52,2
20,8.04,0.44,0,94,4.05,7.47,1
29,8.91,9.86,1,54,9.63,3.99,2
51,5.63,9.38,4,14,1.91,1.96,0
47,6.94,3.62,0,18,1.11,4.72,3
41,9.43,7.26,2,118,7.65,4.05,2
56,8.5,7.58,1,102,5.25,6.94,2
62,4.19,2.78,0,40,5.87,5.04,1
35,5.92,7.0,3,84,0.51,3.84,0
57,8.01,7.48,4,91,9.95,2.39,2
64,8.43,9.25,0,60,0.12,5.59,0
38,5.99,5.84,3,16,3.25,5.06,3
24,6.37,5.87,2,114,7.5,5.36,1
46,8.65,6.06,3,90,9.48,4.35,2
53,7.74,4.39,0,75,7.33,0.88,2
55,6.18,1.0,2,37,7.42,5.71,1
62,8.48,7.48,4,77,6.58,4.09,2
63,6.93,3.81,3,35,4.9,1.97,3
24,8.89,8.46,4,92,7.32,1.42,2
36,9.04,7.59,2,47,5.42,6.74,2
19,7.17,1.23,0,47,5.73,1.31,1
63,6.09,9.91,3,106,8.52,1.73,2
30,8.58,4.4,4,44,1.76,5.77,3
64,9.8,7.67,4,83,0.54,2.19,0
68,8.24,6.85,4,21,4.64,3.18,3
61,7.33,2.38,0,64,4.46,5.43,1
50,4.27,3.86,3,24,8.92,0.57,3
68,8.2,9.67,4,63,9.83,1.62,2
31,5.51,9.22,4,109,5.78,6.67,0
58,4.56,2.19,0,102,9.12,4.98,1
66,7.0,8.89,2,117,2.77,7.33,0
51,8.53,9.27,0,83,3.09,4.49,2
47,6.19,1.69,0,41,0.51,4.43,3
69,4.62,8.57,3,81,7.72,1.01,2
41,8.43,0.31,1,21,2.67,7.6,1
23,6.03,7.01,2,96,5.95,6.28,1
21,9.5,0.82,2,87,4.51,6.93,1
67,6.84,1.92,0,74,7.43,7.09,1
25,9.61,9.89,3,65,8.83,0.73,2
47,4.69,5.81,0,17,8.9,6.99,2
25,7.87,0.55,1,46,1.89,6.98,1
28,5.54,0.56,4,1,4.89,4.59,3
60,6.55,4.24,4,72,1.06,7.63,3
69,9.39,6.77,4,13,7.06,6.63,2
34,7.12,3.13,2,92,8.8,4.33,1
18,8.36,0.16,1,14,2.45,6.18,3
40,7.38,6.47,1,60,7.76,5.04,2
37,5.63,7.31,0,41,4.51,3.08,3
54,8.31,2.52,3,108,2.75,4.63,1
39,8.38,3.0,1,94,5.99,0.19,1
57,4.14,3.47,0,69,0.9,7.11,0
52,7.67,6.66,1,42,0.05,3.27,3
35,5.26,7.72,1,4,7.34,7.52,3
27,4.38,8.72,1,118,5.88,2.97,2
51,7.47,1.14,3,82,4.91,7.37,1
42,4.7,9.49,3,78,5.13,2.0,0
18,10.0,6.44,4,114,4.91,2.84,1
25,4.52,3.08,1,107,5.75,5.94,1
30,6.12,7.39,1,118,8.17,4.44,2
62,7.0,7.09,2,112,7.61,5.77,1
69,9.45,9.13,0,99,4.11,7.54,2
68,5.19,6.4,2,117,1.6,1.91,3
32,9.38,6.91,1,19,1.34,4.14,3
27,9.11,6.37,2,103,6.5,1.53,2
32,6.44,0.24,3,84,3.87,7.91,1
61,8.11,7.04,0,95,8.81,5.15,2
55,4.0,8.65,3,63,1.23,2.99,0
58,7.96,2.22,4,6,0.97,3.12,3
64,9.54,8.1,4,22,8.65,6.42,2
57,8.82,3.87,1,1,0.65,0.64,3
45,9.19,3.11,4,70,0.74,7.09,1
34,6.27,0.77,4,65,2.88,0.07,1
28,5.47,1.64,4,3,5.85,7.48,3
68,5.23,6.18,2,88,0.02,7.45,0
53,6.0,3.28,3,3,7.42,2.91,3
59,8.64,9.62,3,31,8.36,4.86,2
29,6.45,4.09,4,62,2.72,5.64,3
69,7.4,7.35,2,41,2.25,0.48,3
32,9.39,4.48,3,3,6.56,4.12,3
53,4.71,1.67,1,7,3.4,3.74,3
27,6.36,9.55,0,108,7.21,5.24,2
68,5.29,8.29,1,60,6.35,0.85,3
21,5.41,1.69,2,66,8.97,1.6,1
30,5.59,6.61,3,82,1.08,5.25,0
29,7.58,3.42,2,85,2.87,2.83,3
29,5.07,9.95,4,42,5.39,3.04,0
35,8.46,7.46,4,101,0.45,0.62,0
31,5.48,9.8,1,62,5.96,7.43,0
28,6.78,2.98,2,7,3.78,5.01,3
36,7.14,6.0,1,24,3.83,4.43,3
50,6.0,0.1,0,115,2.89,7.12,1
32,8.27,3.21,1,14,5.27,5.38,3
65,7.68,0.52,4,81,6.75,0.57,1
50,4.73,8.02,2,56,0.22,3.07,3
35,4.29,7.92,3,85,1.84,2.97,0
30,8.29,5.43,2,42,2.72,7.23,3
25,8.67,8.12,4,101,4.51,4.19,2
31,7.25,2.71,4,38,3.74,1.1,3
51,5.02,0.22,4,67,8.55,6.38,1
44,9.72,9.85,3,14,7.18,0.97,2
23,8.87,5.34,4,40,3.32,7.18,3
30,5.24,9.92,1,5,9.62,2.37,2
36,5.18,9.54,3,30,7.54,5.71,0
53,7.38,7.26,3,107,8.37,5.89,2
66,4.11,5.37,0,77,9.96,6.86,2
46,7.68,8.01,0,59,4.63,1.17,3
26,5.87,0.42,2,93,6.84,4.43,1
41,4.87,9.15,3,80,0.32,6.01,0
65,5.15,9.73,2,52,8.35,3.35,2
48,7.36,0.45,3,10,8.82,1.29,1
25,8.28,7.7,3,43,2.37,6.99,0
46,9.88,3.63,2,70,7.25,0.67,1
27,5.57,6.93,0,6,2.81,5.0,3
24,9.78,9.35,0,77,0.14,3.51,2
44,8.7,5.81,4,41,8.26,1.42,2
49,6.86,9.64,3,66,0.26,1.79,0
38,7.28,0.76,4,80,0.88,6.88,1
47,5.46,5.04,4,80,6.39,4.61,1
48,4.04,3.49,4,14,1.63,4.27,3
27,9.98,0.31,3,110,0.77,3.19,1
32,8.42,8.97,4,22,0.64,2.34,3
26,8.19,3.4,3,90,9.58,0.51,1
54,5.33,1.51,2,35,4.64,1.97,3
67,8.66,5.81,0,108,7.34,4.71,2
63,7.27,8.69,3,117,4.45,4.06,2
36,9.17,9.03,0,6,6.1,7.97,2
48,4.52,6.5,3,26,5.67,1.85,3
53,6.76,4.79,0,71,2.92,4.06,3
49,5.03,0.18,4,58,5.35,3.38,1
22,9.62,9.6,0,11,5.3,1.05,2
69,6.96,4.57,0,16,4.43,2.95,3
41,9.97,9.49,2,27,7.75,3.55,2
43,5.32,3.49,3,56,5.04,5.17,3
53,6.58,9.28,2,42,4.93,2.86,3
18,4.25,3.51,3,86,0.79,0.2,3
24,8.35,3.36,1,50,6.17,4.02,1
18,9.31,3.99,1,44,4.05,0.78,3
60,4.19,4.46,4,100,8.01,5.83,1
28,6.04,1.24,1,51,9.97,1.86,1
69,7.53,1.35,2,79,9.32,7.85,1
25,7.42,2.09,4,89,5.3,1.24,1
24,4.99,4.35,1,11,3.85,2.86,3
63,6.12,7.1,1,104,1.19,2.48,3
47,7.54,6.81,3,52,0.1,1.76,3
52,4.15,2.2,2,43,2.02,0.43,3
30,5.75,9.25,2,30,0.57,0.31,3
33,7.07,4.82,2,100,2.19,7.41,1
20,4.0,1.14,1,108,0.53,1.07,1
56,8.53,5.97,4,3,4.45,7.45,3
52,7.96,9.79,3,110,3.96,4.93,0
65,5.11,3.28,1,110,3.68,5.79,1
46,6.89,9.78,0,49,4.55,6.2,2
43,5.41,1.04,0,11,8.58,0.4,3
63,7.09,0.86,2,30,8.33,7.23,1
31,8.43,2.52,2,109,5.61,4.3,1
49,9.99,4.31,1,6,6.93,1.64,3
62,7.98,5.06,4,30,6.73,7.86,3
32,7.59,0.53,4,84,0.21,2.97,1
34,6.89,9.19,4,105,2.23,1.31,0
23,5.71,8.09,3,110,4.5,1.53,0
48,8.37,6.36,2,42,5.08,3.26,3
48,5.65,9.81,2,55,3.17,2.44,3
51,6.9,6.89,0,42,1.12,6.67,3
66,8.21,4.31,2,70,6.12,2.94,1
52,9.18,8.69,3,92,0.76,0.03,3
69,9.31,5.9,0,75,5.68,0.03,2
23,8.04,6.64,0,52,6.96,4.3,2
18,4.7,1.54,0,38,6.83,3.87,1
39,6.74,4.1,2,35,0.64,0.53,3
42,9.67,3.74,0,11,0.36,5.29,3
35,8.11,4.67,1,70,6.19,7.82,2
31,7.61,8.29,4,21,5.12,3.11,3
30,6.41,1.06,4,118,5.0,5.27,1
49,5.67,4.94,2,117,2.69,5.6,1
49,5.45,4.64,2,94,4.68,3.98,1
62,5.77,4.22,0,27,5.94,2.01,3
30,6.24,5.37,4,30,8.9,5.57,3
54,9.09,0.81,4,67,3.58,2.63,1
22,9.9,4.18,3,51,5.22,5.19,2
19,9.85,8.97,2,73,3.27,2.97,2
43,8.57,3.65,1,86,8.27,1.33,1
19,6.34,5.19,4,105,6.08,3.63,1
31,8.13,1.87,0,15,0.72,7.15,3
29,5.01,1.56,1,82,6.32,5.97,1
68,9.17,3.43,3,24,7.47,4.06,2
21,6.13,8.37,0,100,4.91,1.57,2
67,6.62,2.49,2,22,7.75,7.44,3
54,6.99,3.97,3,88,5.1,3.74,1
28,9.62,1.88,3,76,2.35,6.83,1
28,5.91,1.6,2,6,3.88,1.28,3
20,6.1,4.73,4,91,2.25,1.74,3
66,4.43,0.1,4,49,5.83,0.44,1
44,5.64,7.96,2,4,8.43,7.64,3
69,7.6,4.1,4,68,7.73,5.81,1
22,4.51,8.41,1,14,4.51,6.78,0
28,5.56,1.73,1,35,3.66,3.95,3
58,4.62,1.62,0,53,6.04,4.24,1
48,5.62,9.01,2,12,6.61,0.35,3
31,4.69,7.45,3,103,6.29,7.34,0
18,4.64,1.3,0,35,0.88,3.46,3
29,9.22,7.85,2,103,1.02,5.68,2
66,4.55,5.08,2,97,9.02,2.71,1
43,4.34,9.2,4,39,5.91,7.08,0
54,9.7,2.69,0,66,7.38,6.38,2
34,4.63,5.23,1,26,5.75,7.82,3
20,4.66,3.79,4,67,2.31,6.16,3
24,9.72,6.04,4,16,7.99,4.76,2
62,6.49,5.02,4,101,1.94,5.52,1
38,9.83,5.52,4,7,6.24,5.57,3
67,9.15,6.04,4,90,4.22,7.43,1
61,5.61,1.55,0,107,7.5,2.36,1
46,9.37,4.26,2,101,2.37,7.59,1
37,5.15,8.47,0,20,0.06,1.27,3
63,6.66,1.72,1,3,8.38,1.7,3
42,8.43,9.61,2,50,7.1,1.84,2
36,6.35,0.7,4,55,7.94,7.17,1
23,7.59,2.42,4,86,9.57,6.91,1
49,6.31,1.49,1,40,2.33,5.33,3
55,8.35,3.86,2,104,8.13,4.64,1
47,7.02,0.61,0,44,9.99,0.8,1
32,9.15,3.14,0,40,3.05,5.21,2
29,7.43,4.25,3,94,9.66,1.83,1
69,8.66,1.95,2,15,7.46,6.18,1
65,5.76,6.4,0,59,5.95,3.36,3
49,4.42,2.96,2,27,0.34,1.63,3
30,6.48,6.97,0,100,2.41,6.37,2
57,5.2,0.16,4,86,3.69,4.51,1
51,8.37,4.1,2,46,1.18,7.57,3
25,9.43,0.53,1,115,2.88,5.01,1
53,7.91,4.58,2,10,8.31,3.99,3
47,4.7,4.32,2,38,0.78,2.86,3
64,9.45,1.33,4,14,3.92,4.48,1
66,5.71,6.68,4,18,0.5,6.65,0
50,9.43,5.21,3,116,9.84,4.79,1
25,5.04,4.93,3,34,6.52,4.81,3
32,4.7,8.93,4,24,2.44,3.09,0
28,5.56,1.9,2,21,6.14,1.99,3
57,9.31,2.82,4,110,3.94,4.2,1
30,8.84,4.56,1,22,7.59,3.44,2
27,6.31,1.31,2,1,0.23,2.53,3
19,6.62,4.15,3,91,3.67,6.87,1
59,5.34,7.09,4,100,0.51,4.87,0
47,5.35,4.13,1,119,1.05,6.38,1
36,6.35,4.88,2,70,8.68,2.27,1
36,9.27,5.31,2,58,0.9,2.48,3
59,9.0,3.66,1,22,5.83,4.92,3
25,9.17,6.22,3,107,6.53,1.48,1
26,9.94,7.38,0,22,8.58,2.98,2
28,9.27,6.24,3,46,3.83,1.22,3
24,8.67,6.06,4,6,5.26,1.87,3
25,9.5,3.05,3,99,8.53,5.06,1
55,9.69,5.74,1,89,5.94,7.36,2
19,7.52,3.3,2,105,0.86,1.84,1
30,9.98,7.87,4,42,3.36,6.75,2
31,5.67,4.04,1,50,7.62,5.91,1
42,5.54,4.21,4,19,7.71,6.51,3
37,5.34,6.68,2,23,3.03,2.17,3
48,5.76,6.55,3,29,6.21,3.85,3
45,7.23,8.33,1,17,2.52,2.23,3
68,6.14,8.89,0,94,2.78,2.94,0
26,7.0,3.82,3,18,1.91,4.16,3
63,7.57,6.09,2,54,7.34,5.34,2
51,6.09,7.58,2,43,5.51,7.76,0
43,9.54,1.46,1,88,1.79,1.17,1
59,8.98,0.77,0,45,2.33,2.11,1
44,7.61,4.01,3,85,4.52,7.52,1
37,4.8,7.61,1,37,3.33,1.01,3
20,6.5,7.9,4,57,4.32,4.45,3
53,4.37,4.7,1,43,3.01,2.36,3
42,5.59,1.79,3,10,9.2,0.37,3
39,6.39,0.66,3,15,8.24,0.69,3
36,7.74,7.37,1,16,9.53,6.27,2
37,9.51,5.76,1,2,3.3,5.25,3
53,7.01,6.24,2,39,7.94,7.59,2
35,6.44,8.08,4,107,5.48,7.41,0
68,7.8,8.54,1,11,8.65,0.75,2
25,9.07,6.09,1,83,2.97,6.67,2
53,7.03,3.23,1,106,8.0,1.71,1
63,9.31,7.74,0,23,8.33,0.29,2
68,7.75,6.23,0,50,5.44,3.09,3
57,4.77,3.59,4,116,9.8,0.95,1
65,7.63,6.89,3,32,8.44,7.43,2
21,6.63,8.07,2,34,2.86,6.33,3
40,4.53,8.58,3,53,3.18,2.71,0
29,9.29,9.27,3,1,0.69,4.76,0
24,6.43,0.25,0,69,2.9,3.46,1
49,4.24,9.74,1,113,6.5,7.04,0
54,7.13,4.71,3,105,8.74,5.99,1
48,9.47,9.69,2,18,2.9,6.16,3
24,8.91,1.25,0,71,9.37,3.97,1
67,8.26,1.79,4,37,3.87,3.67,1
54,7.84,0.63,0,80,0.01,4.64,1
68,4.02,7.28,0,105,6.62,7.63,2
38,8.64,4.04,3,56,1.01,1.06,3
48,7.25,7.94,2,107,5.75,5.44,2
49,5.89,7.12,0,12,0.13,4.77,3
48,4.27,4.6,0,94,7.18,6.59,1
67,6.41,5.12,2,55,1.57,6.11,3
28,7.09,5.35,1,82,4.91,5.45,3
46,8.11,9.17,3,77,8.51,2.52,2
26,8.05,1.96,4,50,3.91,1.27,1
23,7.0,9.05,1,95,3.98,0.96,3
54,5.54,6.07,1,27,8.84,4.83,2
43,9.6,0.8,3,22,9.15,2.76,1
54,8.11,8.45,2,113,1.34,3.13,0
59,7.33,8.76,4,26,0.58,7.03,0
41,5.16,8.38,4,38,2.99,0.08,3
65,7.87,3.74,3,33,7.2,6.49,3
64,8.45,7.53,0,104,5.38,1.73,2
52,7.17,9.75,0,64,5.23,5.39,2
65,6.41,5.94,1,74,8.48,1.21,2
34,6.35,2.45,0,71,4.01,3.83,1
28,7.96,5.82,3,108,6.32,1.32,1
42,9.68,8.45,3,42,9.0,0.44,2
62,5.72,1.55,0,74,4.07,7.25,1
30,8.65,4.49,2,101,9.01,4.41,1
24,7.1,0.97,2,102,8.05,3.74,1
21,5.75,6.31,4,66,6.04,3.58,3
46,9.91,5.02,4,70,5.05,3.77,1
37,8.36,3.81,3,76,2.92,2.57,3
54,7.59,7.64,2,104,9.01,4.45,2
40,6.42,4.71,0,50,5.43,7.25,3
35,4.97,5.77,0,110,8.43,4.69,1
45,6.11,4.47,2,1,2.35,7.45,3
60,6.86,6.49,4,111,0.5,3.23,0
25,7.17,0.09,4,104,2.97,7.25,1
35,8.53,6.89,4,114,5.06,6.19,1
32,4.32,7.82,0,111,3.15,5.77,0
35,4.66,9.12,2,100,5.25,7.12,0
35,8.88,1.26,0,111,4.85,2.8,1
60,6.71,5.59,3,7,1.39,5.52,3
52,5.26,9.25,3,0,2.5,6.53,0
39,9.8,2.82,0,119,9.93,7.05,1
44,6.05,3.29,0,58,8.5,2.58,2
51,7.51,0.38,4,83,9.97,7.63,1
29,4.81,1.45,0,3,2.6,4.89,3
30,5.37,9.98,3,55,9.32,3.45,2
61,5.67,4.47,3,95,9.59,1.4,1
32,9.32,2.41,0,26,6.76,1.78,2
21,7.58,0.14,2,36,9.32,2.43,1
65,6.55,2.29,0,115,3.68,7.7,1
68,6.41,8.33,3,99,0.25,2.69,0
61,4.64,2.22,4,15,8.3,1.18,3
33,5.76,7.89,0,61,6.53,3.47,2
63,6.75,5.08,4,59,0.34,6.0,3
66,8.32,5.58,1,100,9.42,5.57,2
21,4.07,3.32,3,70,4.64,2.41,1
57,7.77,5.84,1,98,7.17,0.15,2
28,4.95,0.25,4,63,8.15,6.02,1
20,7.1,3.89,1,81,5.16,7.95,1
28,9.85,9.88,3,89,6.29,4.16,2
18,4.87,3.97,3,102,8.55,1.2,1
48,9.41,9.71,1,6,4.83,5.01,2
41,9.26,0.31,4,41,6.72,3.36,1
57,9.4,2.86,4,4,9.2,6.44,2
64,4.05,0.1,3,103,6.24,1.91,1
35,4.2,7.63,3,108,4.55,1.21,0
28,7.55,8.56,1,86,8.12,1.69,2
60,7.31,9.47,4,100,9.06,2.05,2
33,4.43,1.96,2,16,3.05,6.24,3
23,9.84,0.5,4,98,8.94,7.18,1
23,7.53,2.58,4,14,6.81,7.86,3
53,5.61,1.91,0,4,9.92,3.84,2
58,7.47,9.86,2,107,3.4,1.16,0
56,9.74,0.23,2,104,2.18,4.46,1
19,9.22,5.73,2,5,9.74,1.83,2
34,6.82,2.79,3,105,5.99,4.64,1
34,5.89,6.12,4,25,2.53,0.34,3
21,8.65,6.31,0,44,9.75,1.89,2
59,8.75,3.05,0,105,8.37,1.31,1
29,6.8,6.66,4,49,1.94,1.6,3
52,8.65,7.56,3,66,2.09,5.91,0
38,4.35,4.19,1,82,0.66,1.08,3
58,4.97,5.35,0,31,6.43,0.59,3
53,5.7,6.18,0,49,7.97,6.66,2
30,6.39,2.74,3,42,9.48,0.11,1
20,5.98,4.8,2,17,6.15,1.31,3
68,5.11,0.39,2,16,1.91,4.07,3
57,8.64,9.74,0,118,6.31,0.35,2
61,5.34,5.35,1,33,7.0,7.97,3
59,7.52,2.16,4,14,5.84,3.07,3
53,5.29,8.66,1,16,9.45,4.6,2
61,6.47,9.32,3,1,7.04,3.3,3
58,8.25,5.19,0,50,2.54,7.26,3
29,4.07,3.01,2,71,3.11,2.88,3
39,7.63,9.22,0,51,5.64,0.45,2
30,7.56,8.63,1,12,2.13,0.72,3
40,8.56,8.74,1,13,2.63,3.0,3
31,4.67,6.83,2,93,9.06,6.97,2
57,5.52,8.1,4,40,6.9,4.75,3
31,4.66,6.48,1,47,0.94,5.92,0
19,5.21,6.9,2,1,3.05,3.19,3
56,8.66,4.63,2,80,9.26,2.63,2
66,5.11,1.63,3,21,5.76,4.76,3
59,4.55,3.6,1,72,5.11,7.83,1
28,9.59,8.77,4,56,6.99,0.7,2
30,4.71,7.0,1,7,6.34,4.72,3
50,6.87,9.06,1,74,2.08,2.21,3
54,7.66,7.89,4,87,7.8,2.89,2
64,5.54,9.57,0,12,3.3,1.52,3
31,5.92,7.49,2,86,3.23,2.3,3
66,8.79,1.01,2,59,1.2,1.0,1
53,4.27,7.86,1,65,8.05,5.65,2
63,5.0,7.6,0,93,1.35,2.52,0
54,6.77,6.58,4,30,0.33,5.67,0
25,5.38,2.33,4,92,5.01,5.27,1
58,5.7,3.07,2,36,3.32,2.76,3
50,7.84,8.29,3,6,8.87,2.59,3
38,5.27,2.56,4,60,2.82,1.65,3
41,5.99,3.44,1,19,3.37,4.38,3
59,5.77,5.29,2,107,0.68,0.63,3
22,6.78,6.47,3,38,1.1,6.19,3
20,7.31,3.88,4,65,0.13,3.8,3
54,4.26,8.32,2,6,8.33,1.22,3
30,5.84,4.32,4,71,2.46,7.59,0
38,7.37,9.61,4,13,3.11,1.94,3
63,8.42,0.18,0,40,1.4,1.68,1
62,8.74,2.01,0,84,6.07,1.28,1
64,5.15,8.62,3,74,4.83,2.87,0
65,7.51,7.13,3,61,9.14,6.59,2
30,9.38,7.93,2,33,3.67,4.06,3
47,9.28,7.29,2,117,8.32,5.46,2
44,5.32,5.07,0,81,9.23,2.36,2
47,7.45,2.61,3,72,0.18,2.93,3
67,6.07,7.48,2,119,9.65,4.41,2
44,9.17,0.45,0,51,4.49,1.58,1
64,7.99,9.37,3,20,5.73,7.63,0
35,8.68,7.26,3,93,7.38,5.55,2
47,4.11,4.14,0,30,1.99,6.71,3
51,8.99,2.62,3,8,8.0,2.93,2
60,8.98,1.71,3,40,6.0,3.86,1
40,4.74,8.63,4,31,9.77,1.59,3
28,7.75,5.47,1,110,6.43,4.94,1
45,4.96,1.76,2,23,1.11,6.93,3
36,6.79,8.17,3,49,4.89,6.88,3
21,8.8,8.88,1,38,6.75,4.48,2
39,5.54,4.4,4,83,1.23,2.57,3
64,5.32,3.0,4,104,2.63,5.39,1
26,7.64,2.13,4,6,3.0,5.67,3
35,4.32,9.8,4,35,7.38,6.23,0
33,9.58,6.26,0,97,5.63,1.07,2
35,7.89,5.84,3,114,6.03,0.45,1
66,7.47,6.56,2,15,8.72,4.36,3
19,8.22,6.95,1,100,0.49,6.7,0
19,6.34,3.37,4,20,9.15,0.7,3
30,5.25,0.12,3,46,9.12,0.49,1
60,5.16,8.47,3,75,6.34,1.5,0
52,4.04,6.28,1,87,7.31,5.87,2
63,7.84,9.67,0,34,6.23,1.5,2
49,7.58,2.37,4,101,3.91,1.23,1
54,8.33,0.82,1,83,6.47,1.75,1
32,8.01,2.05,2,0,7.88,0.84,3
42,8.6,0.59,0,48,9.42,5.41,1
26,7.21,7.08,3,19,2.67,1.87,3
21,7.21,8.33,3,93,0.13,1.44,3
56,7.84,1.16,4,104,1.78,7.99,1
33,6.27,1.99,1,60,5.17,7.17,1
30,4.81,3.65,2,41,3.63,6.2,3
61,5.84,4.66,4,34,7.79,3.15,3
22,6.8,9.74,2,107,7.23,7.49,2
40,5.99,1.75,4,24,4.0,4.05,3
61,5.41,4.36,2,76,3.16,4.95,3
33,6.76,3.31,3,101,2.3,0.84,1
32,6.65,9.02,0,19,0.22,5.09,0
24,5.56,0.48,0,114,3.51,5.02,1
42,9.04,7.8,0,20,3.65,7.64,2
18,6.13,5.96,1,0,7.75,3.23,3
39,6.19,6.0,4,75,6.34,0.23,3
58,7.14,1.82,0,22,5.28,3.37,3
66,8.38,5.58,0,93,5.39,5.66,2
18,4.73,2.66,0,47,9.04,4.31,2
19,7.53,6.22,2,90,2.39,6.64,3
18,4.97,1.04,1,25,3.14,1.18,3
29,8.31,3.71,1,60,6.47,3.24,2
19,7.57,9.99,3,1,0.03,6.36,0
27,5.86,4.71,2,14,9.89,2.08,3
37,5.93,3.08,1,17,10.0,6.22,2
67,6.44,3.9,0,79,4.17,6.63,1
62,8.75,7.82,4,115,6.68,0.47,2
47,4.67,2.9,0,45,3.89,5.13,3
62,4.13,2.23,1,40,9.26,4.17,1
31,6.56,3.65,0,11,2.59,5.59,3
29,4.59,4.69,4,99,9.58,3.4,1
34,7.19,5.68,2,43,5.28,0.32,3
26,8.2,8.63,4,34,0.34,4.13,0
41,7.96,7.35,1,75,0.41,0.81,3
58,7.04,4.61,2,105,9.5,1.69,1
33,6.05,7.97,4,118,2.54,6.54,0
49,4.28,5.11,1,48,8.42,4.39,2
56,8.84,4.61,0,80,2.92,0.39,1
20,9.85,2.13,0,14,3.62,7.31,2
55,5.26,4.9,2,87,7.47,6.78,1
30,5.31,2.75,4,79,0.0,7.45,1
39,9.55,3.79,0,76,4.18,5.35,1
33,5.03,9.14,1,13,6.99,7.88,0
53,9.77,4.22,4,114,8.9,5.06,1
35,8.1,2.43,4,25,1.27,1.5,3
31,6.53,2.66,3,34,1.91,3.36,3
61,5.54,5.14,2,64,4.92,2.42,3
52,7.98,3.82,3,27,2.35,3.67,3
59,6.63,4.68,2,61,9.0,0.7,2
19,9.66,4.53,2,99,9.61,3.67,2
20,7.44,0.37,0,20,5.65,6.38,1
40,7.12,9.62,0,6,7.62,4.6,2
52,4.58,5.2,3,104,2.23,6.71,0
65,8.09,9.86,0,69,9.52,2.17,2
30,7.51,7.25,2,118,9.74,1.01,2
57,6.21,6.59,0,57,8.02,1.87,2
24,7.52,2.1,0,73,9.2,3.42,1
39,6.79,3.67,3,116,7.18,2.2,1
69,9.52,1.61,0,11,8.6,1.59,2
67,4.37,3.79,4,77,8.61,4.97,1
53,6.54,1.04,3,88,1.62,2.63,1
48,6.95,5.12,1,47,4.25,2.15,3
64,9.27,7.86,2,60,8.0,1.88,2
33,4.77,7.22,0,29,0.63,4.18,3
30,8.28,6.09,3,79,4.49,7.35,1
19,5.9,9.63,0,1,7.73,3.7,3
56,8.61,0.82,3,92,9.62,4.01,1
40,4.79,9.45,2,101,3.5,2.46,0
44,7.84,9.19,2,39,2.98,1.27,3
36,7.54,7.04,1,37,5.56,2.21,3
30,8.3,9.61,0,19,9.97,3.14,2
68,5.72,0.64,1,102,1.73,0.93,1
27,9.61,2.27,4,60,1.55,4.29,1
46,4.02,1.97,4,90,7.05,3.88,1
40,9.19,1.7,4,25,4.79,2.72,1
38,9.43,2.51,4,41,7.94,3.49,1
41,5.38,2.64,1,40,6.59,0.93,3
34,6.65,8.69,2,36,0.2,4.15,0
26,4.39,3.91,4,85,4.76,6.0,1
22,4.83,7.42,3,56,9.26,0.43,2
60,9.68,2.53,0,95,0.55,5.05,1
44,4.08,8.98,3,108,2.3,4.07,0
31,8.29,7.61,4,14,1.68,1.63,3
18,5.06,8.17,1,112,5.54,2.69,2
30,7.5,8.21,2,12,0.29,7.51,3
22,10.0,5.8,4,100,5.19,0.4,1
66,8.58,8.49,3,69,0.98,4.31,0
26,7.9,8.13,3,62,1.25,7.52,0
41,8.29,3.64,4,88,3.16,2.02,1
29,6.45,5.6,2,101,8.88,3.86,1
52,8.88,4.88,3,25,8.68,3.13,2
36,6.99,1.27,1,47,1.59,6.01,1
35,5.07,9.69,2,37,4.89,5.85,0
28,5.43,8.03,0,79,4.59,5.17,0
69,4.74,5.14,2,62,4.16,3.49,3
56,5.23,4.7,0,43,7.17,5.08,3
54,7.69,5.02,4,74,9.0,6.62,1
30,9.47,5.01,4,57,3.9,3.49,3
41,9.27,3.77,4,85,5.92,2.86,1
60,6.64,2.82,4,79,8.69,0.74,1
38,8.44,1.07,1,20,9.88,2.66,2
35,9.76,1.85,0,53,4.66,4.84,1
56,5.86,9.3,1,47,2.88,1.87,3
28,8.89,0.61,2,76,1.98,0.29,1
32,5.05,9.68,2,68,1.91,5.29,0
20,8.45,1.31,0,46,2.09,3.93,1
20,6.47,8.9,1,9,9.76,5.0,2
33,8.89,9.16,4,84,1.28,1.79,0
37,4.47,5.27,0,52,5.06,7.22,3
60,4.89,9.94,0,62,5.67,4.12,2
51,6.58,9.91,4,8,6.78,6.57,0
48,5.84,5.32,1,8,3.34,2.6,3
41,8.35,9.96,3,80,8.78,4.82,2
18,8.79,1.1,0,100,6.16,1.74,1
40,9.34,8.62,3,9,2.75,7.5,0
26,7.37,1.49,2,91,0.16,1.44,1
38,9.79,3.39,4,52,7.62,6.93,1
66,9.09,4.83,1,85,8.12,4.63,2
63,6.36,7.96,1,58,6.5,7.53,2
24,9.43,6.75,4,109,2.54,5.59,1
22,9.21,9.76,3,13,3.25,3.37,3
62,8.45,2.54,0,8,2.15,7.95,3
43,6.69,3.65,4,80,8.35,3.84,1
47,8.54,2.31,3,74,1.95,5.72,1
40,4.41,2.1,0,21,7.16,5.23,1
31,9.06,4.18,2,25,9.91,4.25,2
21,8.2,9.16,2,29,8.7,1.75,2
58,5.86,8.19,4,40,2.8,6.38,0
36,9.96,4.26,0,37,8.08,7.69,2
22,7.78,4.37,4,101,7.27,0.1,1
38,9.09,4.86,3,35,4.38,1.88,3
36,6.25,4.3,3,60,9.48,7.57,1
20,7.11,5.92,4,33,0.9,6.21,3
31,6.54,6.79,2,117,1.05,5.47,0
55,6.94,2.2,0,105,1.1,7.75,1
25,7.48,9.97,3,4,0.76,2.45,3
30,9.99,5.88,3,24,5.04,5.69,3
54,7.4,3.97,0,89,4.6,2.39,1
21,6.14,9.41,2,71,6.42,2.62,2
56,4.23,1.77,0,7,9.37,2.85,2
47,9.98,0.16,1,59,4.55,4.42,1
42,7.06,3.61,4,95,6.0,4.07,1
40,4.36,4.72,2,53,8.55,5.86,3
19,4.92,3.67,1,116,2.23,1.98,1
52,8.1,8.5,1,33,8.81,1.37,2
19,8.42,7.37,4,37,5.8,6.13,3
31,8.05,7.79,3,56,1.55,6.58,0
56,9.41,4.55,2,109,6.84,4.33,1
60,8.72,8.77,4,15,7.95,0.36,3
64,9.53,0.76,0,10,3.62,4.64,1
65,7.34,3.67,3,67,2.49,1.78,3
41,4.23,7.96,0,78,9.43,1.72,2
39,7.53,5.78,3,107,3.39,5.65,1
55,5.87,5.89,2,62,1.56,3.7,3
30,7.47,6.5,4,118,8.69,5.37,1
19,6.51,3.37,4,62,8.87,1.96,1
46,9.81,9.49,3,4,9.01,1.13,2
27,8.51,9.83,3,72,6.34,5.91,2
35,6.48,7.01,4,61,6.76,4.06,3
38,9.77,8.34,4,26,3.59,6.85,0
32,8.21,9.32,2,114,2.44,7.34,0
21,6.12,4.23,3,15,3.24,5.95,3
67,8.37,4.14,3,69,8.46,7.24,1
25,6.68,0.96,2,19,8.05,4.14,1
68,7.71,9.34,4,66,3.05,6.37,0
40,5.13,9.35,4,76,8.92,3.55,0
46,7.05,9.07,3,73,6.9,4.75,2
42,7.21,9.92,0,96,5.55,4.24,2
26,6.38,3.84,4,77,0.93,5.88,3
21,7.98,0.98,2,47,8.68,5.01,1
32,5.56,8.49,1,104,5.8,2.72,2
39,5.74,6.09,4,64,7.75,5.21,1
41,4.54,2.84,1,69,1.86,2.53,3
53,9.93,6.34,2,26,5.72,6.77,2
61,8.17,7.29,4,41,0.94,5.56,0
63,7.6,9.35,2,19,8.68,7.97,2
60,4.69,4.85,1,118,8.83,5.67,1
25,5.77,7.6,2,31,0.03,0.96,3
54,4.68,6.59,0,0,9.69,1.89,3
69,7.29,4.66,3,29,8.58,2.42,3
59,6.46,6.85,0,19,2.26,2.04,3
67,8.98,8.99,1,67,1.15,4.29,0
43,5.12,3.61,1,21,8.67,3.35,3
44,9.29,1.31,4,23,4.08,2.59,1
57,9.27,3.97,1,40,2.26,6.8,3
60,9.08,3.86,0,8,3.48,2.35,3
59,9.19,2.5,2,114,8.2,6.17,1
46,5.24,7.71,1,5,2.59,6.55,3
38,7.23,8.44,3,5,2.9,3.19,3
27,8.26,7.63,3,57,8.2,7.23,2
32,9.73,0.72,2,10,6.48,0.63,1
62,4.18,7.52,3,51,0.84,6.77,0
50,4.68,2.12,1,117,2.81,4.13,1
65,9.29,6.61,3,1,7.45,4.16,3
36,5.73,7.91,2,44,2.52,6.28,0
33,4.05,1.3,2,37,5.97,1.56,3
43,8.58,7.14,0,100,1.42,1.79,2
52,6.46,0.75,4,116,7.88,4.59,1
40,8.49,0.05,0,40,8.42,4.32,1
22,7.07,4.01,0,53,7.44,1.93,2
57,4.82,4.85,2,30,8.9,3.66,3
52,7.29,3.34,4,44,0.69,1.16,3
65,9.9,0.12,2,73,3.54,1.06,1
44,7.0,7.26,4,109,5.93,6.09,1
54,5.83,4.55,3,2,5.77,0.69,3
43,9.54,0.05,1,104,6.41,0.37,1
63,5.35,0.32,4,23,7.04,3.64,1
28,9.03,8.76,2,115,0.96,6.95,0
30,8.33,3.59,0,28,0.51,5.52,3
38,4.46,5.37,3,76,5.36,4.37,3
67,5.08,2.05,2,87,0.67,7.39,1
29,4.29,6.53,4,36,9.29,2.69,3
45,9.04,3.95,2,113,2.61,3.15,1
37,4.72,6.53,4,40,0.49,2.56,3
40,4.23,3.19,4,79,3.6,2.59,1
44,6.89,3.4,0,105,9.39,2.53,1
68,9.57,3.45,2,110,1.38,7.56,1
58,8.63,2.72,2,28,7.78,6.65,2
24,6.61,7.1,3,11,3.28,4.15,3
38,4.47,6.18,0,80,0.21,0.53,3
58,4.95,2.72,4,40,3.99,1.8,3
42,6.06,1.15,2,73,3.65,0.38,1
68,4.01,1.53,0,73,8.2,1.55,1
28,5.55,5.86,0,55,5.0,2.99,3
53,4.8,9.94,0,83,9.22,1.52,2
33,9.61,4.33,1,107,6.99,1.4,1
55,6.99,3.7,3,76,9.61,6.94,1
42,8.76,6.62,0,32,5.04,7.74,2
26,5.07,4.83,1,52,9.12,1.14,3
33,6.67,0.74,1,68,2.52,0.18,1
69,4.89,4.84,1,59,4.73,3.7,3
36,5.44,1.96,4,46,8.73,4.09,1
33,5.47,5.61,0,39,9.89,1.64,2
27,7.24,2.49,0,110,9.66,1.93,1
61,7.36,5.87,3,54,7.41,4.81,3
69,7.43,8.44,1,67,4.86,5.12,2
65,4.07,3.31,3,42,2.26,5.5,3
30,6.56,9.88,0,119,4.76,5.18,2
53,8.26,2.11,4,67,0.96,4.46,1
57,5.76,6.21,1,36,2.8,4.34,3
18,8.91,6.6,2,55,4.18,3.17,3
34,4.6,8.17,0,106,4.49,0.88,2
43,7.07,0.55,2,23,9.01,6.24,1
40,5.19,3.97,4,37,5.8,2.92,3
51,5.61,0.65,4,35,2.04,1.17,3
60,9.06,1.83,4,35,5.78,2.13,1
52,4.13,6.12,2,0,1.22,3.87,3
43,7.24,0.81,2,37,5.85,0.69,1
64,7.89,9.92,3,5,1.11,6.74,0
33,6.51,9.48,3,39,9.35,3.29,2
56,5.64,4.02,2,4,4.91,1.34,3
31,6.93,4.78,0,45,0.02,5.91,3
53,5.92,6.45,1,4,3.42,7.27,3
67,8.93,3.35,4,104,4.9,4.49,1
18,4.29,4.63,1,70,8.41,6.72,1
43,4.64,2.01,1,61,9.97,6.95,1
28,8.05,1.33,0,55,0.65,5.21,1
27,8.64,3.94,2,74,1.03,6.53,1
67,8.91,1.82,1,40,9.48,0.03,1
58,5.97,6.98,1,39,6.92,1.08,3
53,4.25,2.04,4,47,5.33,5.44,1
25,9.22,4.56,2,109,9.45,2.56,1
19,5.86,0.79,3,18,7.85,0.25,3
68,9.57,2.86,3,66,9.04,1.32,1
63,6.64,0.8,0,42,0.52,3.06,3
66,5.8,8.2,0,93,5.3,4.29,2
39,4.4,2.05,1,4,7.27,3.93,3
19,6.21,4.99,4,39,1.73,4.07,3
35,8.28,3.79,1,3,5.72,4.2,3
53,6.86,5.88,3,117,3.26,5.13,1
32,5.77,9.33,2,59,2.38,1.88,0
42,8.77,1.95,0,14,9.58,7.15,2
51,5.1,4.01,1,11,1.65,1.67,3
40,5.64,2.02,1,35,8.54,3.1,1
60,8.78,5.67,4,86,4.11,2.54,1
49,7.44,9.79,1,34,9.38,7.31,2
55,9.31,0.8,1,44,7.53,3.5,1
30,7.41,6.33,0,46,3.37,4.25,3
20,4.39,5.05,3,78,2.96,3.91,3
53,7.25,2.94,3,96,1.45,3.96,1
20,5.6,0.21,2,78,6.32,0.88,1
63,5.95,1.95,2,62,8.91,1.64,1
39,9.61,4.08,0,90,5.49,4.7,2
20,7.79,5.39,0,98,5.45,7.61,2
36,9.0,8.3,0,76,5.64,6.91,2
50,6.67,9.88,3,56,1.19,3.78,0
30,8.9,6.97,2,31,7.12,3.28,2
42,6.26,7.92,0,30,4.02,0.24,3
66,8.24,1.21,2,110,9.1,6.4,1
64,6.96,7.82,0,14,9.88,4.08,2
33,6.86,8.73,3,25,9.93,4.78,2
68,5.66,0.5,3,31,0.57,5.75,3
61,6.03,6.25,0,81,0.62,7.78,3
58,9.35,2.05,3,57,3.01,7.53,1
54,9.78,1.45,2,100,0.86,1.75,1
32,9.84,7.12,3,13,9.68,6.27,2
47,5.91,5.09,4,43,3.02,2.46,3
69,4.7,4.3,3,92,8.22,0.64,1
69,6.28,7.83,1,22,7.98,7.63,2
21,9.7,6.71,2,81,4.78,5.26,2
49,5.11,0.63,4,29,9.31,4.69,1
44,5.95,2.19,4,7,7.09,4.03,3
19,5.86,0.6,3,46,2.66,7.95,1
23,8.12,8.59,1,101,8.76,2.72,2
31,4.37,0.51,4,44,5.57,3.34,1
36,7.35,6.86,3,112,8.36,5.77,2
42,7.9,7.17,4,15,5.33,1.32,3
20,5.24,3.61,4,45,9.59,7.68,1
48,7.75,3.08,0,71,3.06,4.76,1
58,8.85,1.49,1,34,0.69,4.2,3
48,7.04,7.55,0,118,9.46,2.74,2
19,4.23,7.68,4,7,1.84,6.13,0
55,8.65,6.69,3,2,9.79,3.45,2
43,7.49,7.29,4,54,3.1,5.48,0
58,6.43,7.09,3,30,1.62,0.5,3
52,5.17,5.84,1,81,0.69,3.19,3
66,4.95,9.48,4,14,9.72,1.44,3
40,8.86,8.07,0,74,5.67,6.35,2
29,6.54,0.91,2,93,3.71,6.81,1
48,5.77,0.17,2,22,7.26,5.47,1
30,4.24,2.75,2,60,3.58,2.07,3
57,4.75,6.0,2,47,8.15,3.45,3
19,9.94,9.0,0,3,8.93,6.03,2
30,8.15,9.32,0,35,0.61,2.49,3
52,4.51,7.22,0,39,0.07,4.01,3
61,6.03,2.56,0,117,5.45,4.43,1
68,7.03,0.53,4,104,8.32,3.7,1
48,5.52,2.43,1,84,8.17,0.69,1
66,9.13,0.78,1,36,7.01,3.85,1
62,5.65,7.98,0,102,3.48,0.31,3
20,7.31,7.84,0,68,9.08,7.09,2
57,5.85,5.07,3,84,6.1,1.49,3
42,7.9,4.38,1,100,7.11,3.41,1
38,6.64,5.16,3,55,8.39,4.18,3
66,7.95,2.75,2,7,3.08,7.91,3
53,9.45,8.9,0,109,6.55,1.55,2
69,7.68,3.45,3,63,3.71,6.88,1
31,4.93,9.13,1,101,3.78,1.85,0
19,7.93,2.32,3,44,5.7,7.26,1
40,6.7,3.22,0,11,4.56,6.55,3
40,8.13,3.19,3,56,8.01,0.71,1
47,6.27,3.93,1,15,6.18,3.25,3
42,5.25,6.71,3,8,1.33,1.02,3
21,4.15,2.58,3,8,0.58,3.88,3
19,9.15,1.9,2,34,2.82,0.67,3
28,7.07,4.39,4,47,1.61,2.49,3
37,4.92,9.48,4,42,0.63,5.54,0
42,4.19,5.94,4,76,4.1,2.15,3
60,7.1,0.08,4,41,7.21,3.2,1
26,7.78,0.79,1,24,1.55,5.0,3
58,4.79,0.35,0,76,9.79,0.88,1
20,6.57,3.36,4,66,8.91,6.22,1
30,8.61,7.62,0,36,9.28,2.11,2
31,7.59,3.46,2,64,7.47,6.46,1
68,7.82,7.49,0,86,4.65,7.73,2
26,6.1,9.16,4,82,8.21,1.58,2
22,7.75,5.97,2,71,6.35,3.44,3
54,9.94,3.5,2,2,1.14,2.19,3
64,8.38,7.19,4,69,4.69,6.82,2
28,6.4,7.13,1,18,1.29,0.85,3
58,7.63,7.25,1,119,1.56,1.84,1
19,9.61,3.37,0,36,2.39,7.06,2
41,9.37,7.9,2,48,7.26,3.53,2
42,6.81,6.35,2,111,5.96,6.86,1
28,9.79,8.31,0,7,3.78,7.95,2
48,4.53,8.14,1,48,1.19,2.27,0
35,9.77,4.32,0,65,5.31,0.44,2
68,9.07,6.45,3,111,9.33,6.45,2
39,7.36,0.74,2,27,8.74,5.8,1
42,5.8,0.69,1,98,4.51,1.51,1
65,9.64,3.02,2,115,1.64,5.35,1
39,6.06,5.06,1,72,1.54,1.76,3
22,5.16,2.77,2,11,0.86,4.38,3
31,6.46,2.33,2,55,2.86,2.69,3
66,8.3,5.78,1,67,3.85,7.21,2
59,7.93,0.85,3,90,1.07,4.51,1
56,9.41,3.79,4,108,7.33,6.33,1
62,5.14,7.16,1,51,4.8,1.19,3
49,7.47,8.06,2,26,3.68,0.56,3
57,4.89,4.51,1,38,3.34,4.46,3
31,7.38,3.73,4,15,6.35,2.54,3
48,8.81,9.73,4,76,0.01,4.24,0
62,7.51,2.72,3,107,3.67,4.87,1
37,5.58,8.3,1,114,0.93,5.28,0
26,4.91,4.11,1,40,8.9,5.62,2
63,4.27,3.1,3,4,9.48,5.6,3
66,8.01,2.37,1,51,6.33,5.09,1
38,4.65,0.5,3,3,0.96,6.38,3
65,8.05,5.77,3,74,7.99,1.26,2
45,7.25,8.69,1,73,7.96,3.59,2
40,8.99,2.12,3,55,0.4,0.55,3
38,8.17,2.69,4,0,0.45,5.71,3
41,8.97,7.24,4,35,3.26,0.84,3
20,6.8,5.31,0,60,3.13,5.71,3
23,8.95,7.06,2,101,1.04,2.17,3
26,7.53,4.96,2,71,9.39,0.86,2
41,8.91,8.03,1,6,9.98,7.81,2
42,9.89,6.51,2,2,1.95,6.15,3
67,7.05,5.64,2,87,2.67,7.49,3
53,6.09,7.61,0,6,1.85,1.54,3
18,7.69,4.48,2,93,2.82,0.77,3
53,8.98,2.71,2,71,1.26,1.11,3
38,6.19,7.93,1,34,7.98,2.92,3
68,8.41,5.51,3,3,5.87,3.21,3
23,8.27,6.29,1,29,2.51,5.56,3
57,4.49,6.43,4,81,3.71,7.01,0
40,9.16,4.32,4,84,6.47,4.32,1
32,5.54,3.62,4,16,6.81,4.02,3
39,7.58,0.07,1,95,1.88,6.14,1
20,6.12,0.71,4,66,3.39,1.99,1
28,9.74,1.26,1,12,8.03,6.93,2
68,7.92,3.06,3,76,2.16,3.87,1
49,9.65,8.06,2,93,8.12,7.38,2
51,5.76,7.08,3,96,9.66,3.7,2
63,8.26,6.74,3,102,6.31,1.37,1
33,8.9,0.98,0,77,4.41,4.16,1
24,9.61,0.21,3,34,7.7,5.17,1
28,5.06,7.59,4,7,8.34,3.84,3
45,8.76,9.45,4,107,2.03,2.85,0
27,5.34,0.66,2,89,3.98,3.53,1
49,8.77,6.07,4,20,3.83,7.65,3
32,6.35,8.97,2,11,7.06,2.42,3
69,4.22,7.13,2,91,8.96,3.39,2
45,8.4,5.02,0,47,6.52,0.53,3
46,7.11,8.79,4,57,4.56,4.12,3
63,5.27,2.94,0,49,2.36,1.97,3
35,5.07,0.34,1,2,2.55,4.93,3
49,9.48,1.54,2,2,4.82,1.51,3
23,8.39,3.15,4,89,3.09,0.78,1
66,5.11,4.67,1,47,3.72,7.14,3
35,9.83,3.45,0,37,8.82,1.49,2
43,4.83,3.11,4,109,5.64,1.41,1
28,4.58,1.21,3,57,5.72,7.59,1
30,8.21,7.51,1,117,8.64,0.23,2
66,4.78,8.42,1,76,4.71,7.71,0
56,8.43,3.42,2,14,2.6,1.56,3
24,6.65,5.42,4,15,6.66,0.61,3
49,9.59,6.32,0,7,5.67,6.64,2
55,6.8,9.56,0,115,4.22,5.84,2
20,8.43,7.91,4,118,5.36,1.58,1
49,4.1,3.83,0,65,5.43,0.08,3
38,6.87,4.05,4,14,0.41,5.47,3
69,6.65,7.37,1,11,4.99,1.0,3
41,7.08,5.21,4,63,6.55,2.3,3
22,8.69,4.6,1,93,3.86,3.71,1
43,9.78,5.87,4,73,3.82,1.41,1
22,5.2,1.58,0,86,9.12,1.86,1
56,8.85,4.07,0,86,1.83,5.49,1
36,8.63,4.15,1,58,7.79,5.36,2
69,8.39,4.61,1,60,5.38,5.04,2
31,7.85,1.04,3,61,7.74,2.94,1
65,5.37,8.15,3,93,4.63,2.18,0
56,9.9,6.7,1,41,0.95,5.87,3
64,7.74,7.79,2,109,2.59,2.84,1
49,5.67,4.67,2,26,8.85,6.83,3
62,7.76,5.45,3,7,4.59,6.6,3
47,7.96,3.19,1,77,0.52,7.94,1
22,8.93,3.43,4,83,7.01,1.12,1
66,5.6,2.29,1,32,2.42,6.96,3
26,7.9,3.36,4,3,0.03,2.25,3
31,8.97,7.38,1,23,2.44,6.52,3
48,6.34,8.19,3,100,8.07,1.08,2
33,5.76,5.7,2,25,2.17,7.89,3
38,7.16,3.58,0,11,2.78,4.12,3
32,7.37,0.06,2,118,1.48,1.25,1
60,4.64,2.3,3,89,6.32,0.61,1
46,4.87,5.95,4,15,4.01,4.55,3
27,8.2,6.07,0,57,0.82,1.02,3
65,8.29,6.82,2,73,6.23,0.92,2
36,4.8,8.1,4,23,7.01,1.58,3
65,4.67,9.93,4,39,5.5,2.47,0
53,4.61,7.01,4,24,8.45,3.75,3
43,8.35,8.71,1,88,6.49,6.38,2
48,6.14,9.59,2,116,9.27,1.45,2
65,9.53,8.88,4,94,4.91,3.05,2
43,7.64,7.21,2,88,6.28,3.63,2
54,8.67,4.95,2,22,1.55,1.03,3
30,4.3,8.37,1,118,4.1,3.71,0
68,9.11,7.44,4,62,4.81,2.07,3
34,8.96,7.28,4,8,8.48,7.36,2
65,6.93,5.72,3,100,0.86,1.53,3
36,4.55,0.61,2,43,7.89,7.24,1
29,5.47,3.38,1,31,9.05,4.12,2
54,7.31,1.38,1,93,5.93,3.66,1
57,4.46,2.02,4,10,4.44,2.33,3
30,5.98,7.82,1,11,3.34,6.28,3
68,8.77,5.57,1,94,9.53,3.61,2
26,7.63,5.27,1,55,2.52,0.9,3
57,6.02,6.37,1,56,5.96,3.78,3
38,9.72,1.01,3,103,5.17,3.44,1
50,6.58,7.42,3,93,5.62,2.23,3
68,6.52,0.66,1,7,3.43,6.83,3
62,8.85,3.69,4,12,3.68,2.81,3
64,5.32,3.42,3,100,9.3,0.07,1
28,6.92,6.2,2,46,5.62,7.12,3
20,9.53,7.33,4,19,7.67,1.04,2
33,5.0,9.01,1,63,0.32,5.06,0
32,9.62,4.91,2,111,4.66,4.45,1
65,7.77,0.53,0,3,3.07,4.03,3
67,6.63,5.67,4,30,5.22,7.07,3
61,9.17,2.74,3,51,1.46,5.4,3
60,7.88,2.44,0,17,0.46,7.13,3
33,7.7,6.01,2,24,8.47,7.64,2
41,4.22,5.34,2,86,4.38,5.35,3
32,5.59,9.28,0,97,0.74,7.66,0
22,8.94,7.29,0,113,9.57,0.2,2
36,4.29,4.06,1,77,8.83,7.92,1
44,6.28,7.97,3,51,4.83,3.09,3
39,8.36,3.57,0,56,4.92,2.16,2
56,8.06,4.15,3,40,8.07,6.38,2
34,8.34,2.83,4,0,1.62,2.8,3
21,8.05,6.38,3,109,0.07,2.02,1
69,8.01,2.95,3,8,3.22,3.92,3
44,7.84,7.42,1,15,3.97,1.51,3
58,6.98,7.96,4,4,7.72,6.68,3
35,7.81,6.24,3,71,3.9,5.66,3
59,4.59,9.97,1,43,7.35,0.51,3
46,5.37,7.78,4,17,3.24,5.5,3
52,6.12,9.47,3,102,2.52,3.04,0
56,7.48,7.06,0,32,5.67,1.36,3
50,9.79,8.36,4,67,2.86,6.97,0
23,6.11,7.4,2,108,5.09,4.42,1
23,8.23,2.58,0,93,6.86,4.15,1
36,4.22,2.37,0,118,6.06,1.65,1
62,8.51,6.8,3,73,1.71,4.5,3
66,4.74,2.46,2,28,1.83,4.99,3
58,9.43,6.95,2,17,3.61,5.93,3
46,4.62,5.13,2,72,2.23,3.52,3
38,4.55,1.43,2,44,0.3,0.67,3
57,8.48,2.23,0,99,4.86,3.57,1
68,6.59,6.7,2,10,5.38,4.85,3
38,5.74,6.78,2,61,3.05,5.43,3
62,7.1,0.82,2,76,1.0,4.44,1
65,6.68,2.84,0,15,2.3,6.05,3
19,7.87,8.55,2,0,7.9,3.32,3
49,8.61,3.9,2,103,6.6,4.61,1
31,9.19,3.96,3,108,5.62,3.37,1
37,7.37,9.96,3,57,7.05,6.06,2
46,6.29,6.53,4,59,9.59,6.38,2
23,4.35,6.96,3,41,3.6,4.17,3
60,7.92,0.33,1,25,8.02,1.61,1
50,6.5,9.28,4,3,9.02,7.55,0
55,8.09,6.66,0,80,7.12,2.15,2
52,6.41,0.26,3,104,4.42,6.05,1
22,5.54,3.04,4,105,4.72,2.7,1
23,9.57,2.56,1,98,9.84,4.53,1
53,8.54,6.82,3,42,5.55,2.03,3
19,9.38,1.62,2,79,7.41,1.43,1
42,4.67,6.08,2,112,7.62,6.29,1
19,6.2,1.95,0,18,3.06,7.11,3
21,4.01,2.34,3,33,6.93,1.71,3
58,6.76,4.34,0,106,4.52,1.03,1
47,6.51,0.12,3,24,5.7,1.73,3
27,7.9,4.21,3,19,5.78,2.47,3
49,6.3,6.75,1,37,2.01,1.48,3
68,6.91,2.38,3,84,2.42,1.65,1
25,8.08,6.82,0,96,8.85,2.13,2
20,7.64,3.83,3,3,1.84,5.12,3
22,7.0,5.19,4,3,6.9,5.24,3
46,6.85,2.76,4,89,1.43,7.0,1
45,4.67,8.99,1,111,1.11,6.38,0
56,8.03,6.04,0,18,8.13,6.39,2
68,5.98,5.02,0,77,5.06,7.66,1
44,7.92,2.11,4,86,2.91,7.88,1
22,7.62,9.98,3,102,8.21,0.95,2
23,5.37,0.17,0,110,5.48,1.47,1
31,8.69,7.23,2,26,8.83,3.6,2
62,7.92,0.53,2,43,6.09,4.86,1
65,5.82,9.47,1,74,0.95,0.69,0
19,5.86,4.78,4,63,4.25,4.79,3
29,5.18,7.87,4,65,0.98,3.83,0
53,4.17,5.53,0,96,7.41,3.22,1
29,6.66,4.24,2,51,4.72,2.47,3
44,4.84,0.85,3,84,2.92,1.24,1
44,9.64,1.64,3,113,7.5,5.41,1
36,7.23,2.46,1,37,0.27,5.51,3
25,5.94,1.04,1,6,4.82,7.54,3
69,6.86,4.67,3,65,5.36,0.25,3
52,5.08,7.63,3,27,2.98,6.82,0
26,6.68,2.6,1,102,0.05,1.21,1
69,5.64,0.51,1,60,4.98,7.72,1
23,6.19,5.01,2,54,5.19,7.71,3
57,7.76,6.85,2,37,0.44,1.2,3
63,6.5,3.36,1,62,7.95,3.43,1
62,8.59,7.91,3,62,1.97,1.69,3
44,4.66,5.32,4,2,1.81,1.86,3
61,7.79,3.31,4,66,2.58,2.46,3
35,5.83,6.09,3,116,8.97,0.64,1
29,4.68,7.5,3,27,0.02,1.79,3
49,9.62,1.76,1,106,0.6,7.07,1
47,5.14,8.17,2,30,9.18,0.08,3
57,4.54,9.11,0,17,2.05,3.6,0
69,7.82,8.81,0,24,8.29,3.28,2
42,6.24,7.14,0,102,5.79,6.89,2
22,5.01,3.92,4,93,2.06,6.93,1
52,9.19,3.08,4,100,8.08,6.44,1
47,5.44,2.24,0,107,9.95,1.18,1
21,8.07,4.75,0,97,2.72,6.81,1
52,4.02,5.1,1,98,8.64,0.19,1
19,8.74,3.09,1,26,9.45,7.81,2
36,6.83,6.76,0,55,1.41,3.17,3
55,9.39,2.04,2,97,5.6,6.82,1
55,4.47,5.14,1,17,8.78,6.65,3
56,5.5,4.86,0,87,7.66,3.15,1
33,6.93,4.8,1,31,9.17,5.22,2
67,4.75,2.45,0,34,2.62,7.98,3
23,7.37,0.07,0,28,7.29,1.51,1
63,4.52,9.42,2,37,7.27,5.29,0
21,8.38,3.97,0,35,2.42,2.59,3
69,7.19,7.43,3,17,9.0,3.09,3
30,5.73,9.84,4,74,0.11,5.13,0
24,5.75,8.38,2,68,1.56,1.52,3
53,9.78,0.86,4,53,5.48,2.11,1
52,9.46,2.34,1,104,3.73,3.39,1
43,9.01,4.05,3,84,9.66,2.05,1
30,7.73,5.39,3,118,9.83,6.79,1
65,4.37,9.3,2,46,4.56,5.98,0
36,7.45,2.56,0,14,9.07,3.11,2
40,4.29,5.86,1,6,7.24,5.36,3
27,4.39,7.41,3,114,9.23,7.31,1
38,5.79,5.96,0,53,5.18,7.49,3
40,4.27,2.4,1,89,7.8,7.36,1
26,9.14,6.11,2,37,2.24,0.88,3
49,6.13,9.52,1,110,4.78,3.54,0
67,6.95,3.68,0,111,7.11,4.64,1
33,4.38,4.08,1,64,2.24,3.47,3
39,7.07,9.11,4,52,1.57,5.02,0
29,7.71,3.09,4,61,2.59,3.63,3
27,9.21,2.18,2,28,7.57,3.12,1
32,5.16,0.91,2,29,3.06,1.08,3
21,5.2,6.27,3,91,1.39,7.71,0
50,6.59,5.73,0,101,2.57,1.76,3
50,5.87,9.63,4,57,6.48,7.6,0
25,9.71,2.31,3,67,3.18,4.5,1
18,6.64,9.77,2,101,7.4,0.24,2
43,7.41,0.9,4,101,8.92,5.78,1
25,9.74,7.41,1,110,3.02,6.24,2
46,7.87,2.84,4,26,9.43,3.19,1
23,7.69,3.98,2,102,5.68,4.9,1
23,7.63,7.12,1,68,9.27,3.3,2
67,4.35,1.25,3,49,2.11,2.3,3
29,5.66,1.29,3,32,5.78,7.35,1
54,7.71,7.96,2,64,3.87,6.53,3
26,4.37,1.68,3,92,2.17,5.86,1
28,8.55,8.73,1,101,0.95,2.03,2
24,7.56,3.95,1,27,1.7,5.19,3
47,5.16,7.62,3,86,9.97,4.18,2
59,6.48,0.8,2,39,2.65,7.41,3
68,6.1,0.86,1,23,5.8,6.8,1
36,8.25,1.92,2,117,7.43,5.06,1
28,9.47,8.17,2,48,9.48,5.65,2
28,8.22,7.16,1,104,3.79,3.39,2
53,7.71,6.09,3,57,2.49,1.92,3
27,8.98,7.28,1,6,6.1,6.58,3
22,9.61,7.03,2,0,3.27,3.08,3
51,6.14,3.36,1,25,6.38,6.16,3
57,8.32,2.97,2,7,3.44,2.6,3
24,8.91,5.66,1,58,9.75,7.66,2
55,7.86,5.17,0,23,7.64,7.47,2
25,8.63,1.12,2,60,6.95,0.05,1
42,4.41,1.27,1,12,2.24,2.84,3
57,7.37,4.0,2,68,8.67,2.73,1
21,7.15,8.29,1,116,1.54,6.49,0
40,7.99,6.46,1,28,0.62,7.61,3
34,8.52,1.79,3,5,3.92,3.79,3
46,4.38,7.68,4,94,3.38,1.32,0
47,8.09,7.04,4,25,6.01,4.6,3
60,8.35,4.92,2,37,2.27,5.68,3
28,4.21,2.76,0,3,2.7,5.31,3
68,7.04,9.25,4,67,4.02,1.52,3
65,8.04,8.45,0,73,3.19,2.27,2
46,8.79,2.15,1,56,9.86,2.89,1
47,4.32,5.21,1,84,1.64,1.27,3
59,6.45,9.32,3,14,2.08,2.07,3
38,9.45,9.31,3,55,7.31,3.46,2
52,4.72,5.4,4,68,5.53,7.59,3
41,7.02,7.58,4,103,3.31,6.62,0
32,9.3,1.1,2,70,1.34,4.32,1
60,5.08,4.25,4,42,8.4,7.83,1
22,8.42,3.82,2,48,2.06,2.24,3
35,5.17,0.76,1,69,8.42,3.39,1
18,5.96,5.39,2,16,6.38,4.34,3
40,6.99,4.34,2,56,3.35,4.88,3
56,7.86,5.78,3,108,8.61,7.11,1
23,8.76,4.26,1,1,2.73,2.05,3
25,4.56,4.26,4,103,9.74,0.93,1
18,4.89,8.5,4,7,2.27,5.98,0
38,7.6,7.01,4,43,0.92,2.65,3
68,5.16,6.57,2,101,8.29,1.98,1
24,9.6,1.05,1,95,9.59,2.56,1
55,7.63,4.77,4,118,3.92,3.61,1
31,8.53,3.3,4,89,8.71,5.14,1
69,8.0,0.48,3,103,4.96,5.87,1
67,6.22,2.0,0,113,7.61,3.81,1
57,6.74,7.02,3,109,4.4,3.86,1
49,9.28,4.92,1,102,3.88,5.83,1
58,6.29,3.32,3,16,2.15,2.72,3
19,7.56,2.83,1,87,1.42,5.89,1
19,4.89,1.3,0,58,6.55,4.82,1
63,5.48,3.41,0,114,5.45,6.85,1
24,6.82,7.53,1,18,4.99,0.77,3
49,5.38,3.2,1,81,7.89,4.6,1
69,6.8,9.28,1,108,8.31,1.06,2
41,5.51,9.84,4,117,4.64,5.11,0
38,8.12,1.92,2,100,6.25,6.98,1
57,9.23,3.63,4,113,3.09,4.38,1
41,8.62,2.49,3,38,5.5,4.32,1
23,6.74,7.36,4,9,2.7,0.8,3
52,8.17,8.2,3,46,1.06,7.14,0
52,8.53,4.34,1,110,7.16,1.78,1
20,6.16,9.37,3,32,9.64,5.9,2
54,4.86,2.98,3,93,7.26,0.31,1
28,9.08,6.75,1,37,0.53,6.08,3
37,8.81,0.9,4,9,3.56,3.91,3
42,4.15,0.1,2,81,0.6,7.41,1
27,9.71,6.59,0,77,5.13,3.99,2
66,7.89,9.56,4,111,8.33,6.59,2
35,8.03,4.74,1,2,7.42,7.04,3
21,8.45,8.87,4,4,9.89,1.23,2
50,6.6,7.42,3,97,6.45,3.98,2
55,6.32,10.0,2,14,0.08,1.52,0
38,4.27,7.82,0,12,0.96,4.54,3
57,9.56,8.49,3,112,3.87,3.72,2
21,6.6,1.7,1,20,0.85,4.93,3
24,4.15,0.55,1,43,1.27,5.27,3
19,7.47,7.28,3,77,9.06,4.23,2
52,9.62,5.18,2,7,2.13,6.04,3
19,7.71,2.24,2,72,9.47,1.34,1
25,7.66,1.84,0,35,6.78,4.52,1
48,5.68,0.57,2,9,7.33,2.96,3
20,8.15,6.59,3,34,4.67,5.94,3
54,6.71,9.83,0,108,0.92,3.44,0
51,7.15,8.48,0,77,0.74,4.05,0
56,6.25,5.68,1,95,8.71,7.03,2
68,8.96,1.64,2,41,6.57,2.65,1
40,4.38,7.73,4,25,4.92,0.59,3
48,6.54,5.99,4,54,7.19,0.32,3
61,4.24,8.21,0,51,3.09,5.62,0
57,7.36,6.43,0,109,2.9,3.92,2
59,4.99,7.81,1,57,4.29,6.99,0
38,6.88,0.6,1,63,4.18,1.22,1
36,8.84,0.27,1,37,1.93,3.34,1
56,7.07,9.15,2,68,8.11,0.52,2
55,9.96,1.8,4,40,3.84,5.05,1
46,8.77,2.96,2,60,9.16,7.13,1
25,9.43,2.97,0,59,4.81,2.39,2
43,8.32,8.2,1,118,4.65,2.36,2
23,8.59,5.92,0,78,3.35,0.53,2
54,4.46,5.85,1,25,5.98,5.51,3
39,8.95,0.94,4,13,6.5,5.05,1
46,6.55,0.36,1,65,6.65,1.91,1
35,6.99,3.02,0,33,6.71,7.61,2
18,6.69,8.67,1,111,6.79,5.25,2
21,6.59,3.31,1,109,3.93,6.9,1
68,6.83,8.92,4,114,5.57,6.28,0
58,8.86,7.61,2,96,7.01,6.87,2
18,6.31,1.82,1,92,7.06,6.84,1
36,8.22,3.36,0,50,1.75,6.02,3
53,9.16,1.67,1,3,6.62,0.89,3
52,7.74,0.77,4,80,9.01,7.5,1
65,5.4,8.11,0,49,0.31,0.08,3
20,8.83,5.33,1,83,9.33,7.05,2
66,8.57,2.09,4,34,7.0,5.23,1
69,5.31,5.23,2,55,2.88,0.39,3
43,7.38,7.93,3,52,6.61,0.12,3
48,4.18,8.58,1,66,3.78,2.63,0
42,9.73,5.29,1,54,5.25,6.29,2
46,7.05,1.32,4,2,7.5,7.39,1
54,4.54,7.58,4,27,6.33,6.11,0
42,5.73,5.98,4,40,7.32,2.35,3
69,8.77,4.08,1,33,6.05,6.83,2
20,6.06,1.88,0,7,2.17,4.46,3
44,9.8,2.89,0,77,5.36,5.37,1
45,4.22,3.94,3,35,2.8,2.84,3
62,4.45,7.49,4,23,1.86,3.34,0
18,5.74,0.7,2,93,4.38,1.11,1
54,7.68,4.9,1,53,8.04,3.55,2
49,5.65,5.53,1,74,0.29,3.5,3
41,4.15,3.19,3,98,7.81,7.4,1
69,4.74,2.58,1,45,7.42,2.23,3
60,4.72,5.17,1,45,8.99,6.82,2
51,5.65,2.29,4,19,6.47,4.48,3
51,7.0,8.11,2,9,6.37,0.14,3
69,9.6,4.04,0,91,8.31,3.25,2
42,8.6,2.33,3,66,7.16,2.27,1
41,8.72,5.82,0,76,2.1,7.41,2
54,5.48,2.34,3,33,5.93,3.94,3
68,8.0,1.55,2,92,5.1,0.57,1
37,4.42,1.33,0,114,3.96,6.39,1
48,8.1,7.46,4,91,3.71,5.44,0
61,9.88,7.74,3,71,4.43,4.32,2
29,6.52,1.97,3,60,6.01,3.95,1
65,4.49,8.26,4,77,5.78,0.47,0
66,8.67,3.24,3,107,5.5,0.15,1
56,6.32,9.47,2,87,2.2,4.83,0
65,6.62,6.99,4,86,0.59,5.64,0
31,5.4,3.03,0,76,5.18,1.26,1
55,4.14,4.64,2,92,0.69,6.69,0
58,7.09,9.66,1,60,5.0,5.0,3
60,9.12,3.01,1,51,8.58,6.92,2
46,6.6,0.26,1,98,3.23,3.15,1
22,6.98,2.46,4,57,8.99,0.65,1
24,6.25,4.02,2,96,4.24,6.24,1
62,8.03,8.03,4,74,3.87,4.23,3
26,6.08,4.06,0,25,7.48,4.81,3
59,4.8,1.09,4,45,6.74,7.39,1
34,9.93,0.13,4,29,0.62,2.53,1
57,8.69,4.62,2,105,9.85,3.94,1
18,9.68,0.83,1,32,0.8,0.14,3
28,9.92,7.24,2,25,2.48,2.19,3
28,4.52,1.08,3,44,9.54,3.73,1
40,5.22,6.55,4,65,8.2,5.56,2
33,7.95,3.84,0,64,2.11,5.2,3
51,8.76,4.88,2,108,7.53,7.87,1
21,7.0,8.16,0,114,9.77,0.56,2
65,9.67,2.32,1,28,7.24,0.34,2
31,7.36,1.88,4,116,3.06,4.84,1
18,5.13,2.56,2,34,2.8,4.34,3
61,9.71,4.37,4,64,0.12,0.47,3
50,7.75,8.75,1,109,1.32,6.56,0
44,8.42,3.27,1,21,8.95,7.04,2
53,4.2,2.17,0,16,1.21,3.38,3
38,7.94,5.1,2,32,0.54,5.51,3
51,4.43,6.1,3,16,2.84,1.49,3
39,7.81,6.64,2,52,7.49,6.93,2
51,7.4,1.76,2,11,2.44,3.03,3
25,6.02,5.73,1,44,6.1,4.19,3
32,9.09,5.36,2,53,9.65,1.28,2
40,4.69,3.13,0,30,6.77,2.56,3
53,4.54,2.97,1,81,1.37,5.42,1
22,4.44,1.12,0,73,3.01,7.98,1
31,9.9,3.16,0,41,7.37,2.22,2
22,5.18,1.1,4,68,0.94,6.1,1
38,7.08,3.62,2,119,4.84,6.33,1
29,7.95,1.88,4,1,6.61,5.41,3
21,9.12,9.72,0,102,9.22,1.06,2
27,5.16,7.52,3,103,1.11,0.33,3
33,4.38,2.9,4,32,2.95,1.97,3
45,7.16,6.82,4,98,1.28,6.56,0
18,5.98,1.83,3,111,1.42,7.13,1
38,9.65,6.26,1,29,5.38,6.56,2
20,8.34,8.26,0,31,5.65,4.53,2
47,5.75,5.92,0,31,9.8,7.29,2
39,6.6,3.42,1,104,6.04,7.64,1
68,4.38,6.91,4,108,3.8,3.7,0
47,8.9,2.16,2,62,3.04,2.77,1
23,5.92,9.59,4,61,0.05,4.45,0
59,6.59,7.74,3,33,6.39,5.12,3
40,7.7,8.47,4,1,2.59,4.15,3
44,6.41,9.4,4,20,5.33,0.18,3
29,9.31,5.02,2,112,5.7,0.54,1
23,5.17,9.33,0,27,6.92,6.55,0
43,7.15,7.01,0,5,5.42,3.37,3
32,4.44,8.42,3,61,4.44,4.16,0
52,8.2,9.12,2,19,6.96,2.21,3
20,8.16,5.16,3,4,7.92,6.53,3
36,8.24,3.71,1,88,4.38,6.34,1
66,5.91,4.18,4,14,7.95,4.17,3
41,9.47,1.57,2,81,4.39,2.2,1
68,7.95,2.24,3,80,2.95,0.94,1
43,4.31,4.79,3,92,0.63,2.06,3
35,4.35,0.6,3,80,1.95,7.48,1
42,5.83,3.29,3,50,6.22,7.18,3
45,5.64,2.08,2,86,8.26,5.73,1
27,7.81,6.33,1,71,6.36,3.05,2
38,4.9,5.09,1,116,3.92,0.35,1
66,4.18,0.25,4,31,8.19,4.7,1
61,4.25,2.96,0,25,1.91,4.94,3
27,8.91,1.71,4,44,8.29,7.21,1
48,4.18,6.47,0,81,9.55,6.54,2
69,9.12,0.27,2,39,1.16,4.22,1
31,6.44,7.59,1,48,5.9,6.23,3
20,6.12,1.95,2,113,8.21,1.3,1
30,9.54,7.0,1,56,1.28,7.26,2
68,4.25,6.82,1,12,7.38,2.88,3
65,4.63,1.36,3,82,9.29,1.6,1
52,4.03,7.84,0,69,4.49,3.34,3
42,5.33,7.71,0,87,3.61,2.57,3
43,7.03,5.15,0,77,2.33,5.4,3
62,4.97,8.21,1,94,0.92,5.19,0
64,6.76,4.35,4,92,3.84,7.93,1
45,6.98,5.94,4,65,0.98,5.53,3
46,8.79,5.83,1,65,0.87,6.1,3
28,6.32,5.1,1,42,5.22,6.25,3
63,6.84,7.69,4,110,8.2,3.33,1
54,7.67,8.5,1,68,6.16,1.26,2
32,4.54,9.15,0,79,9.0,6.16,2
23,6.76,9.07,2,110,7.19,0.19,2
55,7.04,3.8,4,42,4.17,2.42,3
58,8.14,0.21,1,90,9.13,4.73,1
41,8.05,7.74,0,28,8.89,6.36,2
22,8.96,2.47,4,35,9.5,7.95,1
58,5.96,4.21,0,12,9.29,0.87,3
49,8.67,0.58,4,0,10.0,4.11,1
35,5.14,9.47,2,4,7.86,2.19,3
62,5.18,4.09,4,103,6.46,6.5,1
45,5.73,1.04,1,31,9.93,7.84,1
39,8.48,1.46,1,108,0.68,0.05,1
56,7.31,9.88,1,103,3.8,4.61,0
40,6.4,4.21,1,92,7.46,1.07,1
36,8.76,7.63,2,77,2.16,3.33,3
52,7.19,2.49,2,17,5.58,1.78,3
25,8.86,9.11,4,117,7.56,2.04,2
55,8.25,0.21,4,49,9.62,5.29,1
57,9.06,1.24,1,81,4.89,2.64,1
31,7.48,2.72,1,23,4.26,0.13,3
63,8.85,5.67,4,63,5.38,3.87,3
49,8.72,7.53,3,105,8.92,2.66,2
40,7.89,7.71,1,16,3.04,1.41,3
37,5.4,7.54,1,67,5.92,5.58,2
25,6.31,8.58,1,4,8.1,2.26,3
21,5.33,9.35,1,49,6.99,2.76,2
61,7.13,9.14,2,86,2.17,5.95,0
23,9.54,8.82,4,108,7.47,7.33,2
68,7.15,8.46,0,101,9.05,6.42,2
61,6.12,9.13,3,111,9.31,5.97,2
22,7.8,6.07,1,24,9.44,0.19,2
62,9.8,5.33,0,46,4.45,4.27,2
45,5.44,4.75,1,54,4.9,0.04,3
21,8.95,0.94,3,5,3.23,0.98,3
35,6.54,6.78,2,101,5.98,2.61,2
40,5.56,8.42,3,52,5.11,7.03,0
26,5.96,0.87,1,57,2.29,5.09,1
36,9.1,9.16,3,48,5.69,7.35,2
56,4.4,2.09,1,114,4.46,5.51,1
60,5.33,5.76,1,58,9.92,3.94,2
18,4.05,5.69,4,89,2.97,5.81,0
58,5.96,6.81,3,72,1.51,7.51,0
67,8.09,6.65,3,73,2.9,3.82,3
55,5.12,6.82,4,74,3.61,1.43,3
37,4.47,7.85,3,76,9.74,4.64,2
69,4.3,0.23,0,93,4.27,1.48,1
57,9.86,9.95,1,103,2.56,7.63,2
38,5.71,7.28,2,65,1.32,0.83,3
44,4.83,4.99,1,90,7.57,6.96,1
31,7.7,9.55,4,60,0.62,2.56,0
54,8.29,9.59,1,8,8.42,1.87,2
40,4.41,9.92,2,17,9.27,2.73,0
50,8.68,6.12,2,119,5.92,0.77,1
42,8.52,8.93,1,9,1.85,0.17,3
61,9.11,3.9,0,79,0.11,6.32,1
32,4.68,2.71,2,95,9.86,2.56,1
27,8.82,9.82,4,0,1.96,0.46,3
36,6.58,5.98,0,57,3.99,2.42,3
31,4.06,1.62,1,117,0.44,5.71,1
50,6.77,3.3,3,29,0.94,7.8,3
43,4.28,3.7,3,66,0.12,4.59,0
30,9.56,0.98,2,71,9.58,3.33,1
60,5.29,2.68,1,10,1.15,3.69,3
45,9.34,1.99,3,41,3.5,3.8,1
32,9.07,2.86,3,114,6.81,1.56,1
35,5.9,6.58,3,104,1.08,0.31,3
19,7.38,3.72,1,13,4.5,1.83,3
50,7.58,2.77,3,115,7.23,4.42,1
19,7.78,7.08,4,81,6.71,5.81,2
31,5.4,8.33,3,22,4.1,0.22,3
33,5.85,2.25,4,110,7.5,3.43,1
56,8.43,7.32,2,99,9.22,6.2,2
60,9.93,6.24,2,105,1.04,2.74,1
18,8.01,6.16,1,40,1.27,4.71,3
21,8.55,3.58,0,76,8.0,2.12,2
65,7.85,3.99,0,23,9.05,0.13,2
53,8.87,2.34,3,102,4.08,6.18,1
20,5.15,1.58,3,82,6.38,7.63,1
37,7.52,7.82,1,52,3.62,2.53,3
52,5.33,3.33,0,105,1.65,6.22,1
68,9.89,9.91,4,14,4.45,7.67,0
62,8.14,2.06,3,52,2.28,1.96,3
43,6.92,7.86,2,96,9.55,6.34,2
36,6.63,5.63,4,85,3.03,3.4,3
65,7.08,2.38,1,2,7.4,1.96,3
50,5.64,4.56,1,40,5.25,2.35,3
40,6.18,3.48,4,86,6.45,6.01,1
30,4.23,4.89,4,4,2.57,3.41,3
27,9.1,7.1,3,1,1.56,2.63,3
30,8.02,6.42,2,99,3.1,2.77,1
59,8.37,3.77,4,75,4.34,4.75,1
68,4.18,6.06,0,99,4.18,3.25,3
25,6.95,4.4,0,70,2.37,1.71,3
57,7.05,7.3,0,37,7.61,3.66,2
23,7.89,6.09,0,118,0.65,7.72,1
26,9.41,1.29,2,35,4.67,4.55,1
47,6.43,5.51,3,91,3.74,6.84,1
69,8.73,4.52,3,95,2.7,0.48,1
69,5.66,9.47,1,37,5.92,3.21,3
30,7.2,7.81,0,78,3.29,1.65,3
64,7.1,6.69,1,104,9.23,6.89,2
18,8.13,1.67,3,54,0.49,3.29,1
61,8.55,0.58,3,102,5.63,5.56,1
37,7.02,1.87,3,65,0.92,5.1,1
69,8.67,8.09,4,65,5.51,1.42,2
43,8.86,8.31,2,99,7.12,0.5,2
65,8.33,1.93,4,67,5.47,7.85,1
18,8.87,2.23,4,48,2.16,2.5,1
57,8.82,2.73,3,67,8.33,3.31,1
63,9.33,8.18,1,66,4.66,5.18,2
19,5.84,8.38,0,111,3.3,6.65,0
69,7.87,0.87,4,1,7.86,1.61,3
65,4.56,3.45,4,60,1.36,4.53,3
30,4.19,5.43,2,61,8.97,1.89,3
28,8.39,3.69,3,70,8.89,3.88,1
23,6.54,8.02,3,49,7.03,7.19,2
57,7.11,6.19,0,84,9.27,5.23,2
37,6.29,8.28,4,112,8.68,6.71,2
33,7.52,2.84,2,108,3.76,2.08,1
26,7.66,6.96,1,118,7.86,1.76,2
44,9.79,5.34,2,14,3.67,3.4,3
33,6.19,8.16,0,112,7.3,5.21,2
65,8.15,3.3,4,29,0.36,7.65,3
31,4.37,1.76,0,11,6.62,1.23,3
65,5.55,6.75,0,67,4.82,4.54,3
68,7.25,0.73,3,18,2.08,7.07,3
64,4.13,8.34,0,118,2.06,4.36,0
62,6.76,7.25,3,83,3.64,6.28,0
45,8.0,1.22,0,8,9.72,0.35,2
19,4.06,0.8,1,45,6.86,6.41,1
26,6.17,3.53,3,42,0.14,1.15,3
28,4.48,5.88,1,33,5.58,2.8,3
38,7.72,8.94,1,17,0.87,5.02,3
24,4.7,5.59,2,76,5.15,6.11,3
46,5.47,4.94,4,104,7.96,1.73,1
28,6.49,8.75,2,110,5.57,0.37,2
45,5.68,1.09,0,46,8.38,4.92,1
62,5.41,3.71,4,69,9.56,3.27,1
45,5.34,5.57,3,88,5.94,7.36,1
54,5.92,9.46,1,62,3.48,6.97,0
26,4.27,4.68,2,64,3.6,6.26,3
39,7.39,2.17,0,1,5.73,7.79,3
39,4.86,0.23,4,60,8.41,5.97,1
51,6.69,3.44,4,31,2.14,5.27,3
56,6.17,6.63,1,42,1.16,1.11,3
30,6.21,1.66,2,38,8.43,5.82,1
23,7.12,0.35,0,116,6.39,1.59,1
65,4.41,5.87,2,46,3.02,0.63,3
20,6.01,3.44,4,111,7.1,5.21,1
27,7.94,9.77,4,67,2.68,2.57,0
66,7.85,8.44,1,5,3.54,4.43,3
56,7.59,1.3,1,30,7.56,1.34,1
21,7.14,3.98,3,9,8.07,2.65,3
65,9.47,2.75,2,3,1.97,3.52,3
62,6.5,6.79,1,29,2.76,5.17,3
24,8.63,9.27,4,104,8.68,5.39,2
35,9.0,7.17,2,26,3.92,0.26,3
41,4.24,8.89,3,86,7.85,0.47,2
19,6.69,6.06,3,8,5.71,3.4,3
62,9.6,0.54,0,58,6.14,0.07,1
66,4.88,0.25,3,53,7.05,5.22,1
50,5.07,5.85,4,44,6.4,6.55,3
68,8.19,4.64,3,65,7.93,2.97,1
49,4.83,0.88,3,82,7.04,5.6,1
32,7.37,6.19,3,98,9.56,1.19,1
65,7.5,1.35,0,113,5.93,4.82,1
42,4.41,2.1,1,21,7.77,6.52,1
26,6.68,1.0,1,89,0.07,4.03,1
23,7.65,0.31,4,113,9.75,0.96,1
29,6.04,1.88,2,35,7.31,7.12,1
33,4.17,9.74,1,119,7.61,2.91,2
18,7.47,5.34,1,105,1.41,6.07,1
65,8.43,7.36,3,24,3.94,3.61,3
45,8.36,2.12,3,102,5.39,4.87,1
45,9.16,4.16,2,28,9.75,0.34,2
64,4.65,2.07,3,74,2.29,5.0,1
43,4.29,7.54,1,73,5.75,2.16,3
36,4.18,3.11,0,71,4.57,1.2,3
33,4.86,3.55,1,104,7.34,3.75,1
64,9.16,8.66,0,31,3.56,0.94,3
51,9.77,3.74,2,115,1.08,2.39,1
40,9.39,1.59,0,110,8.47,7.5,1
23,9.82,8.77,3,115,2.79,6.6,2
65,9.18,5.7,0,75,5.1,4.86,2
37,6.39,0.27,2,116,1.77,5.39,1
57,4.19,7.43,1,35,1.24,5.59,0
59,5.92,4.9,1,37,9.39,2.19,3
43,7.41,1.63,0,98,4.68,0.96,1
34,8.96,2.08,4,103,3.06,6.21,1
32,6.84,7.17,0,103,1.53,7.42,0
25,8.16,5.89,2,102,5.27,0.15,1
57,6.14,0.49,0,88,9.47,7.21,1
33,5.68,3.67,1,114,7.86,2.59,1
40,7.24,8.85,3,28,4.46,1.97,3
25,4.45,6.05,3,116,8.97,4.27,1
57,6.65,0.47,2,101,7.96,5.41,1
47,5.37,8.31,3,91,3.62,1.03,3
33,5.76,7.07,0,2,3.48,6.96,3
24,7.25,2.93,2,1,0.0,0.48,3
27,6.52,1.97,0,59,7.43,3.39,1
53,4.81,3.0,0,77,4.75,1.67,1
36,6.11,5.38,1,72,1.13,6.33,3
37,7.75,4.64,1,20,7.13,0.34,3
69,6.88,1.97,0,66,1.5,5.95,1
25,6.1,6.81,0,91,0.46,5.06,3
59,9.57,4.64,2,40,4.81,6.36,3
23,5.33,7.01,0,24,0.04,7.84,0
30,4.18,8.01,4,32,4.93,6.3,0
28,6.35,4.81,3,53,2.58,5.39,3
39,6.03,9.37,3,96,5.46,0.7,3
39,8.9,3.58,3,70,5.57,0.52,1
37,9.16,7.08,0,93,4.15,0.08,2
67,9.14,5.29,4,74,4.93,2.87,1
20,9.29,6.64,0,69,0.15,0.47,3
61,7.85,0.28,1,55,5.33,0.16,1
43,8.56,1.13,0,115,3.63,1.99,1
23,4.2,7.46,1,110,4.29,1.8,1
52,6.16,1.91,3,94,8.54,5.91,1
19,9.94,2.66,3,91,1.16,0.7,1
60,7.89,6.88,3,25,5.01,5.38,3
22,5.39,0.59,2,11,4.78,3.46,3
25,4.66,0.68,4,2,5.29,0.16,3
35,5.56,6.29,2,60,3.87,2.34,3
58,9.8,0.82,2,12,8.93,0.05,1
23,6.97,3.35,1,22,5.38,7.46,3
43,7.93,6.95,2,66,4.56,3.42,3
52,8.88,5.22,1,22,9.59,7.83,2
59,9.96,4.22,0,61,4.53,0.02,2
44,9.01,7.11,4,22,2.87,6.52,3
36,5.95,7.91,4,11,6.91,4.51,3
21,4.3,4.24,3,17,0.22,1.18,3
30,8.87,0.07,1,84,6.55,0.91,1
19,6.73,0.71,1,71,7.68,2.63,1
35,6.83,0.26,1,41,0.82,5.13,1
24,8.07,6.02,2,50,6.8,2.9,3
31,6.81,1.69,1,96,3.38,1.21,1
51,5.52,5.13,3,49,0.02,2.75,3
28,7.54,8.24,1,103,0.02,7.24,0
30,4.32,0.6,4,77,8.59,4.84,1
32,8.37,5.8,3,63,1.98,3.35,3
23,9.1,7.3,1,36,1.46,3.85,3
68,6.51,1.33,3,103,9.9,5.05,1
26,7.23,8.58,0,29,7.54,4.1,2
18,6.95,4.71,4,55,8.56,5.86,1
69,7.04,8.81,2,52,8.13,5.33,2
50,7.86,4.33,4,107,8.23,6.16,1
36,5.94,4.13,0,78,3.6,2.3,3
22,9.37,5.98,2,38,2.26,4.78,3
22,7.05,2.97,2,84,1.33,2.22,3
29,5.79,5.59,0,73,9.41,4.09,2
40,6.19,1.22,4,118,3.85,7.94,1
56,7.02,9.48,3,95,9.41,6.5,2
21,6.19,9.79,2,28,1.09,6.23,0
42,6.32,9.66,1,37,6.12,1.28,3
58,6.09,1.29,0,92,7.59,1.16,1
20,6.13,0.74,2,57,4.13,4.9,1
25,7.12,5.1,0,93,3.41,5.79,1
35,7.29,3.6,4,7,4.06,6.69,3
62,8.87,9.87,4,118,8.0,2.25,2
51,8.73,8.3,4,4,2.83,1.23,3
37,8.36,3.25,1,63,2.1,3.27,1
33,4.36,2.58,0,37,9.46,3.11,1
24,5.26,8.99,0,89,8.84,6.02,2
32,8.8,4.78,2,79,6.87,7.53,2
43,7.13,9.68,2,23,5.47,0.5,3
54,5.61,3.43,2,24,5.07,6.75,3
57,5.51,5.63,1,53,8.12,2.5,3
26,8.31,9.14,1,85,6.65,2.67,2
55,9.05,2.96,0,115,6.2,3.39,1
26,6.78,9.89,2,93,3.27,7.2,0
54,8.42,1.39,0,48,5.96,7.51,1
30,8.56,1.93,0,4,8.51,5.72,2
18,9.24,8.07,2,59,0.16,0.38,3
41,7.77,7.52,0,15,6.74,5.17,3
69,5.26,6.68,0,5,8.16,5.49,3
39,9.58,4.42,1,43,2.14,7.43,3
22,7.87,6.64,4,119,6.11,6.48,1
68,6.74,6.75,0,102,9.57,3.45,2
47,8.51,1.86,4,65,6.56,1.48,1
21,9.75,3.31,3,90,5.31,1.76,1
64,5.35,4.97,1,68,3.21,4.96,3
63,6.75,1.61,3,76,5.72,2.16,1
68,8.78,9.01,2,24,9.61,6.75,2
28,4.07,2.61,2,38,8.52,6.73,1
38,4.15,3.15,4,114,1.55,2.33,1
61,9.74,3.12,1,107,7.18,6.63,1
25,5.68,2.42,4,0,3.47,4.21,3
49,6.53,2.89,0,19,6.66,7.42,3
62,9.46,1.18,2,5,4.57,4.06,3
45,5.99,4.96,0,102,0.88,2.1,3
25,8.64,9.8,1,114,7.09,3.34,2
42,8.22,3.86,0,60,2.27,1.86,3
53,4.09,6.17,0,85,2.42,0.67,3
56,7.79,5.54,2,96,7.74,2.84,2
21,6.39,9.63,0,33,8.32,4.01,2
51,6.85,7.97,4,104,3.68,4.75,0
23,5.46,2.81,0,101,9.02,4.63,1
57,6.36,9.66,4,94,1.76,2.8,0
37,6.66,5.48,3,8,5.8,5.19,3
44,6.76,7.4,2,45,7.91,7.13,2
64,4.07,6.04,0,46,9.41,3.14,2
31,7.96,0.09,2,12,7.82,0.27,1
26,9.01,5.78,2,39,8.27,7.26,2
27,6.14,7.26,4,23,0.64,2.57,3
47,5.12,4.64,2,21,3.55,5.56,3
25,4.49,0.1,4,32,0.5,2.32,3
31,8.93,4.31,3,21,4.09,0.6,3
63,6.32,1.22,0,110,6.8,6.83,1
66,9.14,7.39,4,63,6.29,0.72,2
48,6.8,7.77,4,117,1.23,2.15,0
32,7.41,7.03,3,82,6.38,3.67,2
30,5.03,5.46,4,72,0.77,0.53,3
42,6.61,8.96,0,101,7.19,2.99,2
48,9.64,6.74,1,72,0.56,5.47,2
34,8.07,7.68,2,30,2.14,6.19,3
68,4.54,9.71,2,61,9.86,2.71,2
19,5.04,8.86,1,3,9.56,6.4,2
59,6.01,6.36,2,105,7.67,4.66,1
18,9.9,5.76,2,48,0.27,5.82,3
69,7.47,8.02,4,47,0.61,6.54,0
49,5.87,7.56,2,78,1.43,2.95,0
46,9.58,0.67,3,100,6.52,2.52,1
69,9.55,7.6,4,93,5.04,1.0,2
25,6.97,9.38,2,43,9.88,6.9,2
37,9.55,9.18,4,23,8.72,5.26,2
30,4.69,4.76,3,7,6.17,3.86,3
21,6.9,1.69,2,105,1.89,5.43,1
36,4.88,1.96,3,92,1.73,2.79,1
21,6.78,0.89,2,107,5.96,5.34,1
55,4.27,9.39,0,73,9.18,2.18,2
65,8.48,1.69,4,117,1.84,3.55,1
58,8.32,3.0,0,51,0.74,4.19,3
23,7.46,5.83,1,4,8.08,6.35,3
31,6.85,2.4,4,9,9.58,0.44,3
69,7.44,9.62,2,104,1.57,3.32,0
68,9.65,4.96,4,46,4.14,2.67,3
39,7.37,8.52,3,67,0.4,1.46,3
21,7.74,3.99,0,88,3.56,6.17,1
62,5.15,6.32,0,52,6.46,6.5,2
30,8.3,3.49,1,31,6.22,6.96,2
34,4.36,4.88,4,70,6.3,3.56,3
47,5.4,6.53,0,24,8.22,0.11,3
38,8.45,5.73,2,104,0.7,3.88,1
66,5.37,5.43,1,66,8.87,0.47,2
40,7.04,5.4,4,51,6.69,2.19,3
56,4.04,4.83,0,28,9.43,7.05,2
62,4.51,5.31,2,110,0.99,5.42,0
60,7.89,9.92,2,79,9.18,0.55,2
38,6.68,6.56,1,53,9.96,3.42,2
27,9.23,5.05,2,89,3.15,3.7,1
29,9.88,3.48,3,115,0.76,0.25,1
39,5.9,6.8,4,100,5.6,1.35,3
21,5.6,3.76,0,99,1.8,4.25,1
65,4.29,5.9,0,96,2.82,6.8,1
67,8.73,3.73,0,23,5.49,4.15,3
59,8.81,0.7,0,16,0.36,4.21,3
63,9.83,0.44,3,96,2.54,3.36,1
41,5.59,9.06,2,33,9.82,1.25,2
47,5.96,2.52,0,79,6.29,7.79,1
66,9.34,5.59,3,53,5.11,2.34,3
64,7.04,2.06,4,87,6.59,6.23,1
47,5.12,8.94,3,77,1.15,2.68,0
54,5.07,0.17,1,119,3.77,0.85,1
31,8.62,8.17,1,20,3.85,3.49,3
62,5.28,7.89,0,1,1.27,0.95,3
62,4.05,0.93,3,9,0.92,7.15,3
52,9.54,6.67,3,29,5.54,5.53,2
52,8.03,0.02,2,115,6.36,4.38,1
59,4.05,1.04,2,102,0.85,1.71,1
61,4.4,0.22,1,52,7.94,0.25,1
24,4.8,6.42,3,68,7.91,5.76,1
20,8.8,0.73,2,106,5.82,7.7,1
20,4.36,1.08,2,20,1.98,0.23,3
58,6.09,8.96,1,68,2.85,4.99,0
61,6.95,9.28,3,70,7.59,5.76,2
20,8.9,2.89,1,100,4.39,2.37,1
64,7.18,8.02,2,32,9.58,2.96,2
38,8.37,7.51,0,38,1.88,3.86,3
55,5.92,3.24,0,93,6.96,5.87,1
34,5.0,6.83,2,98,0.72,6.8,0
40,7.96,1.69,1,13,9.36,7.53,2
40,6.05,7.49,4,27,9.21,6.25,2
34,9.74,7.75,4,102,0.76,2.47,1
53,8.94,0.66,3,105,0.51,4.14,1
20,7.8,3.57,3,55,6.4,0.96,3
24,7.48,4.95,1,49,3.76,4.89,3
46,5.52,9.1,4,5,0.49,0.22,3
31,6.69,6.38,3,78,9.31,5.14,2
30,6.33,6.79,0,31,6.48,2.73,3
57,6.75,9.93,4,111,7.57,0.06,2
63,8.7,1.58,2,87,4.19,0.83,1
55,5.21,5.93,1,67,0.32,4.73,3
36,8.3,7.26,2,17,5.34,6.26,3
20,8.89,7.12,1,47,9.4,6.13,2
44,8.39,8.93,0,107,8.03,3.96,2
54,5.4,2.66,4,33,4.96,6.91,3
25,5.88,0.5,3,3,9.14,6.32,1
41,9.06,9.31,0,47,8.26,5.88,2
56,5.66,2.24,1,34,9.81,5.28,1
40,4.12,1.92,1,80,8.84,1.51,1
28,7.32,3.12,3,113,7.97,5.64,1
25,4.7,6.23,4,118,7.42,6.38,1
21,5.77,9.87,3,85,6.73,4.87,0
47,5.08,0.51,1,21,0.88,4.58,3
65,5.21,5.95,3,13,2.03,5.58,3
28,5.12,0.75,2,48,8.31,2.01,1
42,5.06,2.52,2,94,3.11,4.61,1
65,5.1,0.79,4,43,3.09,7.49,1
59,8.71,0.72,4,56,1.48,5.54,1
35,7.85,0.19,3,111,8.47,3.3,1
46,8.47,2.73,1,93,3.71,6.45,1
56,9.72,7.67,3,104,9.78,7.36,2
40,4.76,7.73,4,88,0.6,5.02,0
23,5.21,8.18,2,31,6.16,6.28,3
37,5.33,4.25,0,107,6.7,1.36,1
37,4.14,5.49,3,17,0.79,5.84,3
64,5.62,3.69,2,86,8.98,1.28,1
22,8.89,5.23,1,67,6.25,7.56,2
55,5.76,0.89,4,8,0.9,4.15,3
54,5.47,0.21,2,90,0.84,7.64,1
56,8.12,0.97,2,44,5.09,5.67,1
24,6.95,1.71,1,119,3.68,2.58,1
38,4.85,7.08,0,20,3.06,7.96,3
50,4.25,6.19,3,80,7.33,6.33,1
46,5.07,8.19,4,30,0.79,5.87,0
28,4.41,7.85,0,100,4.42,1.29,2
23,6.83,9.34,0,90,6.29,0.1,2
45,4.33,5.14,4,55,9.57,1.96,1
66,8.32,7.25,0,36,2.15,5.33,3
30,9.94,1.95,1,100,0.96,2.83,1
21,4.15,7.22,2,111,8.11,2.49,1
19,5.63,4.09,0,49,0.99,6.04,3
39,8.45,1.03,0,102,2.69,3.23,1
68,6.28,4.01,1,21,4.61,5.49,3
25,7.22,1.64,2,34,0.67,0.53,3
50,4.29,7.51,4,65,1.32,4.6,0
46,8.59,3.12,1,67,0.01,2.16,3
25,8.6,4.93,0,110,5.47,2.63,2
59,4.34,7.4,3,69,1.14,1.77,0
39,6.47,4.76,2,36,8.77,6.33,3
67,9.12,8.34,3,10,5.84,7.25,2
47,7.43,1.21,1,56,8.94,8.0,1
23,7.66,7.77,2,27,5.35,2.88,3
30,7.54,7.11,2,101,1.62,6.8,0
50,6.76,7.06,0,46,4.97,4.38,3
62,4.78,0.41,4,58,2.58,6.56,1
31,6.61,5.19,1,59,0.89,0.64,3
31,9.64,2.59,3,7,4.19,6.5,3
55,5.17,6.49,2,104,8.29,7.0,1
32,4.66,8.13,1,79,5.39,5.56,0
47,5.57,4.49,3,73,6.78,5.83,1
61,9.39,7.53,2,97,9.69,1.86,2
29,8.58,8.82,4,70,6.73,3.5,2
57,9.47,1.64,2,66,7.53,6.31,1
38,8.53,3.74,3,77,7.63,4.59,1
58,7.73,2.48,4,78,3.97,2.65,1
43,7.87,6.06,1,16,1.8,0.58,3
27,4.27,3.56,4,74,9.13,6.94,1
39,5.65,5.76,4,53,6.41,5.52,3
40,7.8,4.24,4,87,7.03,2.4,1
56,5.13,9.75,1,25,1.97,6.0,0
34,8.63,2.29,3,83,1.11,3.09,1
28,4.93,9.93,1,22,6.8,1.85,3
38,7.66,7.25,3,111,7.57,5.6,2
64,9.01,3.82,0,20,3.75,3.21,3
32,8.35,1.26,3,117,9.73,5.72,1
33,7.45,1.35,2,25,3.73,5.49,3
28,6.61,4.21,4,80,7.94,4.94,1
35,7.11,3.21,1,84,7.38,0.54,1
31,8.81,4.77,3,13,5.75,7.43,3
31,7.18,1.36,2,23,6.8,6.16,1
62,4.48,7.66,4,22,8.96,0.76,3
22,9.91,3.64,2,1,6.12,5.5,3
29,9.19,1.39,3,20,0.24,6.03,3
29,8.66,3.97,0,40,6.81,0.76,2
45,7.22,8.32,4,0,1.62,4.4,3
40,4.64,6.59,2,86,4.82,2.17,3
48,4.4,9.49,2,27,5.6,1.87,3
34,5.66,8.32,1,4,0.34,3.0,3
21,9.13,1.68,1,23,7.16,2.43,2
48,6.97,7.68,1,43,9.38,6.96,2
18,8.58,4.0,4,101,9.76,4.86,1
35,5.31,3.71,0,63,5.97,1.35,3
21,9.11,2.67,4,119,6.54,2.32,1
20,4.43,6.36,1,26,1.61,3.59,3
38,6.98,2.13,0,61,8.46,3.2,1
33,5.92,2.58,3,89,1.63,3.23,1
34,4.59,1.53,0,74,9.99,2.69,1
58,8.14,6.02,4,15,7.01,4.3,3
19,6.01,0.93,0,23,6.29,0.05,3
30,5.38,0.36,2,91,8.09,5.55,1
22,5.01,6.74,0,90,5.38,0.38,3
38,6.0,6.62,2,109,7.38,0.89,1
67,5.26,6.14,3,23,2.48,0.79,3
56,7.14,2.06,3,108,10.0,2.58,1
46,9.98,3.43,3,25,6.15,6.06,2
65,8.61,6.54,0,70,0.51,3.11,3
44,4.03,1.35,0,71,6.27,4.33,1
40,9.29,6.15,3,69,8.12,0.4,2
59,7.66,4.93,1,37,9.0,3.76,2
55,4.38,6.62,0,50,7.47,1.62,3
27,4.88,4.21,3,41,8.55,4.62,3
31,9.39,9.58,1,54,4.13,7.03,2
59,4.17,4.9,0,96,2.53,2.13,3
31,4.32,0.84,1,2,7.36,5.34,1
69,8.42,7.02,4,22,6.98,1.48,3
65,5.42,0.87,0,101,8.9,6.78,1
56,5.87,9.63,3,5,6.36,4.05,3
43,5.58,5.57,3,84,5.81,3.12,3
53,5.27,6.93,2,82,4.11,7.83,0
55,9.91,9.89,1,48,8.21,2.4,2
47,9.76,6.97,3,13,0.96,1.35,3
42,7.07,3.03,3,11,4.17,5.82,3
64,9.98,0.35,2,0,2.35,3.15,3
68,7.03,4.47,4,65,0.86,0.17,3
66,8.31,4.12,4,118,1.23,0.09,1
26,9.8,3.08,1,96,4.69,2.55,1
33,4.07,6.55,4,109,9.61,2.96,1
18,6.36,1.38,1,109,0.87,6.77,1
42,8.59,7.42,2,13,9.2,2.81,2
18,8.28,3.96,3,95,2.28,7.21,1
57,4.21,4.23,2,25,5.75,5.17,3
56,8.25,6.72,0,25,2.47,3.52,3
66,4.38,7.75,4,6,5.92,1.14,3
53,6.24,2.61,0,55,7.91,4.95,1
24,4.78,8.11,3,82,1.46,3.72,0
37,9.75,3.62,3,24,9.7,6.36,2
42,9.17,3.57,4,57,5.35,3.21,1
34,6.14,4.3,2,31,1.12,4.99,3
53,8.41,1.31,1,35,4.19,1.74,3
60,4.98,3.46,1,51,1.96,7.62,3
27,7.37,7.89,0,107,5.24,3.25,2
36,9.88,1.14,2,103,4.84,3.85,1
22,5.07,9.0,3,92,5.41,5.22,0
32,7.92,0.53,2,43,9.86,3.66,1
61,8.81,9.11,3,39,5.84,1.54,3
55,9.21,0.9,3,1,0.91,0.83,3
48,6.75,5.3,4,6,7.23,4.96,3
38,9.69,0.1,0,26,7.79,7.13,1
38,8.51,7.17,4,87,8.64,6.52,2
53,9.03,6.35,2,9,8.39,5.62,2
60,4.66,7.14,1,96,0.61,1.06,0
22,5.34,0.29,4,99,4.53,2.22,1
64,7.28,6.47,0,75,3.38,4.26,3
67,7.87,0.05,4,11,1.77,6.39,3
55,8.86,1.42,0,47,6.79,6.54,2
29,9.51,0.13,1,23,4.22,5.61,1
43,9.89,2.43,4,25,5.15,1.17,3
24,8.99,7.48,3,41,1.72,0.87,3
28,8.67,8.71,4,21,5.11,7.63,0
36,5.34,0.52,3,60,3.74,3.24,1
19,6.3,9.54,3,40,9.31,4.46,2
19,6.26,0.07,4,24,2.28,5.47,3
38,9.92,2.5,2,1,7.49,5.28,2
49,9.3,0.73,4,20,1.68,0.71,3
20,4.11,8.52,4,117,1.84,2.9,0
35,5.99,8.95,0,24,9.04,4.76,2
66,4.56,1.14,3,58,8.22,1.08,1
29,8.63,3.58,1,12,9.55,2.04,2
62,7.42,3.73,4,9,8.44,6.64,3
29,8.92,9.98,1,115,2.08,6.49,0
18,5.03,8.49,0,98,1.37,6.79,0
60,8.27,4.51,3,33,0.1,1.79,3
37,5.98,8.72,3,17,9.48,2.18,3
22,6.22,1.66,2,118,6.15,5.06,1
45,5.04,6.28,1,6,6.75,0.76,3
45,9.94,9.99,0,80,6.4,0.06,2
44,9.75,6.28,2,100,6.59,2.92,2
26,5.77,1.77,4,4,8.58,6.98,1
63,5.95,4.15,2,110,5.29,2.44,1
44,7.63,4.66,4,17,3.67,3.95,3
46,4.61,1.89,0,68,1.83,5.01,1
47,5.03,2.63,1,7,7.85,6.33,3
63,8.7,3.17,4,14,6.87,1.34,3
39,7.93,4.93,1,31,4.82,7.05,3
65,8.01,8.94,0,104,1.19,2.24,2
37,4.78,9.82,4,67,0.51,6.67,0
54,4.55,4.14,1,47,2.83,3.79,3
20,6.7,3.26,0,107,5.41,3.87,1
18,9.34,3.91,1,109,2.3,2.48,1
54,9.47,7.61,0,37,6.28,1.62,2
51,9.79,8.94,3,54,3.19,2.22,2
52,5.01,5.78,3,64,1.68,5.48,3
26,8.99,7.27,4,47,1.89,4.56,0
52,7.84,6.18,2,24,6.64,0.69,3
48,9.07,4.03,3,15,4.47,1.45,3
51,6.88,4.28,2,31,9.7,3.82,3
49,4.47,5.47,1,102,9.5,5.59,1
59,4.38,8.84,4,77,8.2,6.77,0
21,8.46,3.59,2,91,2.8,4.72,1
39,7.41,3.53,2,100,5.59,4.34,1
68,6.66,8.73,2,75,0.67,5.2,0
34,9.19,8.32,0,101,4.66,6.06,2
62,5.01,7.32,4,66,1.01,0.81,0
53,4.92,4.72,1,59,8.55,5.9,2
36,7.98,8.15,2,79,6.36,6.61,2
59,8.09,5.9,0,103,4.29,4.46,1
59,7.68,3.53,1,56,3.46,5.65,3
21,6.35,5.63,2,2,9.53,7.3,3
55,7.86,0.33,2,53,3.08,6.83,1
40,7.8,8.31,2,106,0.26,6.26,0
27,8.19,1.03,4,118,9.51,3.32,1
66,6.13,4.23,4,94,3.11,4.15,1
30,4.4,7.88,0,18,9.63,6.77,2
63,9.04,5.11,3,2,7.04,0.27,3
45,5.26,0.38,2,40,8.64,0.2,1
57,8.0,1.71,3,78,5.19,6.55,1
61,9.16,2.72,2,2,3.23,0.08,3
22,6.93,4.0,3,99,0.72,4.53,1
26,5.14,7.73,4,25,9.32,4.09,3
26,8.92,4.17,1,80,9.16,7.37,2
39,5.38,7.98,1,109,7.96,3.11,2
27,7.15,0.36,2,8,2.97,6.9,3
69,5.75,0.52,3,118,6.52,1.4,1
23,5.38,4.86,0,39,3.49,6.54,3
64,8.05,8.56,3,77,8.18,5.15,2
67,5.04,0.75,3,45,2.2,2.89,3
56,7.34,4.68,0,108,1.24,5.28,1
44,6.41,9.55,0,18,5.85,0.05,3
65,5.16,6.98,0,116,4.74,7.77,1
28,7.08,6.5,3,81,5.67,3.33,3
43,8.75,6.77,0,92,9.32,0.36,2
24,7.01,5.28,2,55,5.16,2.36,3
31,4.0,3.29,3,46,3.89,2.49,3
33,9.53,3.6,3,20,4.28,6.91,3
55,6.45,3.91,2,98,0.3,2.36,3
62,4.61,6.67,2,57,0.22,7.73,0
64,5.34,0.59,4,96,2.61,6.09,1
67,7.5,8.9,2,93,9.27,1.71,2
45,8.6,0.39,1,56,5.02,4.22,1
34,5.38,4.45,0,15,0.52,5.02,3
66,4.65,2.08,0,30,7.32,5.28,1
62,4.01,1.1,0,59,6.82,2.58,1
21,5.89,0.3,4,47,7.26,0.09,1
44,6.11,6.36,1,14,3.97,0.83,3
53,8.69,1.56,4,92,0.28,7.76,1
36,7.41,6.02,4,108,2.23,1.72,3
64,6.09,0.86,0,114,6.39,3.97,1
64,8.1,0.08,2,116,7.15,3.76,1
33,7.56,4.72,0,112,5.3,4.45,1
47,8.28,6.19,4,70,8.5,7.28,2
61,7.43,6.89,0,26,3.85,5.7,3
59,7.74,1.76,3,95,2.56,1.14,1
28,5.54,7.23,3,102,8.54,1.42,2
33,5.27,8.36,0,113,5.98,6.96,2
47,5.77,9.05,4,8,7.64,5.78,3
24,5.27,9.11,3,76,2.82,2.73,0
56,7.16,3.23,3,26,1.87,4.82,3
55,8.51,1.67,3,81,5.91,5.93,1
55,7.5,3.47,2,26,0.05,6.92,3
32,6.96,5.83,1,64,5.79,7.84,3
37,7.77,9.29,0,90,2.4,4.13,2
47,9.18,6.51,4,22,9.13,1.34,2
46,9.86,3.35,2,113,0.65,5.47,1
24,5.21,8.7,4,102,5.52,6.56,0
38,5.31,4.79,0,79,8.44,2.81,2
68,7.61,6.91,0,25,7.82,7.81,2
68,7.23,9.69,0,76,3.37,3.05,2
31,6.46,6.55,1,50,7.45,5.62,2
54,8.85,6.52,1,26,8.33,1.85,2
43,5.01,2.77,4,83,3.19,5.33,1
59,5.83,0.36,4,14,8.35,7.33,1
45,6.08,6.01,2,95,6.47,6.29,1
41,5.01,8.65,2,30,0.2,2.53,0
48,8.57,0.46,2,108,4.4,3.81,1
69,4.92,2.26,3,43,1.24,2.3,3
47,9.12,8.91,4,2,4.12,5.68,3
63,8.45,1.69,4,29,8.9,0.18,1
42,7.03,0.73,0,30,7.78,7.13,1
64,9.18,1.95,3,113,4.56,6.68,1
48,4.07,1.11,3,24,0.64,6.93,3
27,5.27,1.29,4,26,4.6,6.11,3
53,6.97,3.16,0,54,1.83,1.75,3
64,6.34,1.2,1,119,2.46,6.9,1
30,6.46,8.53,4,82,9.09,6.94,2
38,8.3,5.47,3,23,0.44,7.66,3
30,4.59,2.08,2,2,2.08,5.57,3
32,6.42,8.57,4,84,6.25,7.26,0
28,9.93,6.12,2,69,0.97,5.59,3
33,4.41,9.01,2,20,2.07,0.15,3
23,4.43,9.72,4,9,8.57,6.15,0
62,6.89,5.17,1,112,4.58,4.68,1
69,4.34,8.65,1,91,2.87,6.11,0
29,6.88,1.29,3,78,4.81,6.94,1
23,9.33,9.68,4,58,1.21,3.89,0
48,9.57,1.46,1,26,4.01,7.52,1
65,7.19,9.77,0,109,9.54,6.45,2
37,4.95,2.41,0,50,4.94,0.26,3
45,5.94,8.71,4,12,4.42,4.26,3
55,5.95,5.75,0,58,2.2,4.67,3
43,8.57,8.66,0,74,6.31,5.4,2
38,5.38,3.62,0,81,4.56,3.93,1
45,6.33,8.93,3,0,3.55,4.74,3
31,8.03,3.17,0,36,5.93,5.37,2
62,5.66,3.81,3,55,1.71,0.23,3
22,8.96,1.48,3,42,6.48,7.52,1
40,5.22,2.18,1,61,7.53,0.48,1
68,8.97,4.22,1,92,9.97,6.25,2
65,5.37,1.35,4,72,6.29,3.98,1
59,8.51,3.98,4,56,4.61,7.61,1
46,6.35,9.28,4,0,4.88,6.07,3
44,4.48,6.29,2,30,6.06,4.06,3
20,8.16,0.72,4,44,7.0,2.32,1
60,4.75,2.37,3,31,5.77,6.06,3
39,5.64,5.57,3,108,2.38,3.69,3
45,4.98,8.89,2,70,9.44,2.94,2
46,5.58,0.87,2,16,0.5,4.03,3
33,7.75,8.69,0,63,2.02,4.88,3
42,6.6,9.05,0,40,0.76,1.23,3
58,8.15,6.55,1,113,8.81,5.98,2
45,5.45,1.22,3,57,5.2,3.13,1
51,7.75,5.15,4,115,8.34,2.97,1
51,4.72,9.23,3,41,9.52,4.66,2
64,6.52,4.8,3,32,2.98,2.97,3
68,7.34,5.54,0,4,3.33,3.43,3
56,6.67,2.72,1,60,0.04,0.76,3
27,4.26,1.37,0,0,8.04,4.59,3
36,5.54,5.89,3,9,3.71,4.04,3
46,5.6,8.05,1,110,6.98,0.8,2
33,4.39,7.25,4,52,5.2,4.24,0
53,4.22,2.3,2,32,3.36,7.55,3
26,8.43,3.44,4,65,1.94,0.82,3
52,6.52,3.87,3,72,8.87,0.47,1
26,4.91,1.63,4,23,7.48,7.36,1
69,4.84,1.27,3,62,1.62,0.89,1
24,5.83,3.4,2,82,1.03,7.38,1
38,6.06,3.19,0,48,7.43,1.07,3
47,4.95,4.34,0,110,1.63,3.58,1
66,5.28,6.6,3,102,1.62,1.62,3
63,7.05,7.05,4,89,7.13,4.62,1
38,6.2,0.94,1,70,6.84,3.62,1
49,6.75,8.85,1,9,5.69,7.69,3
20,6.89,8.28,0,96,8.49,3.37,2
38,7.01,6.05,4,97,9.72,2.32,1
27,8.7,7.0,4,57,6.92,7.16,2
54,5.38,5.79,1,104,7.52,4.95,1
25,8.75,9.83,0,58,7.37,6.85,2
54,7.47,9.34,2,7,8.13,2.49,3
40,5.51,5.12,2,62,2.45,7.38,3
48,7.32,7.16,0,65,3.17,5.14,3
18,7.15,1.81,1,95,5.24,6.31,1
50,8.55,8.88,1,59,0.28,2.92,3
19,7.05,3.06,4,76,2.28,3.36,1
56,7.05,8.24,3,13,2.44,6.27,3
50,7.76,6.09,1,45,8.1,0.96,2
33,9.18,3.48,3,83,2.13,2.02,1
37,6.9,5.03,0,119,6.9,5.52,1
53,8.5,5.66,0,67,2.4,0.31,3
42,8.38,8.44,0,79,7.25,2.42,2
34,4.09,3.25,1,29,4.99,6.21,3
45,4.74,4.96,2,19,5.39,3.43,3
67,9.97,6.54,3,11,6.47,7.01,2
58,6.19,1.72,2,12,3.87,1.43,3
25,9.94,7.93,4,55,3.86,2.06,2
64,4.71,0.52,4,30,6.23,3.23,1
20,4.72,4.7,3,107,9.75,0.06,1
55,9.34,4.71,1,52,3.2,4.92,3
67,7.2,0.35,3,99,4.73,6.96,1
39,6.71,9.95,0,42,9.22,0.99,2
23,8.6,9.19,2,12,1.08,4.47,3
45,9.34,5.11,3,72,5.04,1.69,1
43,6.38,2.38,1,3,1.1,4.39,3
61,8.41,2.89,3,36,5.97,0.01,3
51,5.56,8.48,0,57,7.67,4.89,2
68,9.51,3.26,1,104,5.64,2.85,1
65,8.88,8.48,2,71,6.04,7.95,2
50,9.63,8.02,4,36,7.62,0.48,2
28,8.69,1.98,4,9,0.16,6.37,3
58,7.82,1.55,1,33,4.01,2.81,3
53,5.33,4.09,1,96,7.63,2.65,1
42,7.7,3.12,3,49,5.75,5.76,1
32,4.51,5.4,3,33,6.49,7.86,3
35,8.24,9.92,4,119,5.46,5.48,0
35,5.65,9.27,0,22,9.7,2.35,2
48,5.32,0.1,2,2,7.26,2.8,3
48,5.03,0.91,0,1,3.86,7.3,3
42,6.09,1.31,3,90,2.31,5.97,1
49,4.58,2.95,4,34,9.64,5.22,1
51,4.87,2.57,1,89,5.26,4.61,1
21,6.06,7.05,3,4,1.94,7.34,3
53,9.08,4.17,0,82,0.55,3.22,1
34,5.77,1.12,0,1,1.79,0.89,3
28,5.16,5.0,4,101,6.82,7.03,1
45,7.07,1.4,2,113,6.24,6.1,1
64,9.52,4.46,1,109,4.63,1.63,1
37,6.0,1.6,2,47,2.86,7.11,3
69,8.34,2.92,3,11,0.55,0.3,3
30,5.15,3.89,0,112,8.02,0.43,1
53,4.24,1.39,0,62,9.85,7.01,1
39,7.32,6.85,2,106,7.9,0.2,2
49,7.79,3.27,1,61,0.64,1.83,3
18,8.4,3.05,0,10,1.1,5.46,3
28,9.78,4.59,3,3,0.7,6.59,3
19,9.75,2.1,3,111,7.35,6.96,1
61,9.44,9.63,2,23,8.78,4.79,2
60,7.23,5.63,4,65,1.04,6.44,3
43,5.91,8.24,4,65,1.97,1.45,3
37,9.53,8.28,1,79,3.48,3.46,2
49,8.33,7.16,0,114,1.69,2.52,2
57,5.68,0.23,1,0,6.25,4.5,3
65,4.47,9.72,3,40,9.34,7.03,0
39,9.6,2.18,2,51,3.02,6.88,1
27,5.62,3.2,4,5,5.29,2.21,3
21,10.0,7.85,1,119,6.79,5.96,2
34,7.4,6.82,0,113,3.79,6.36,2
68,8.06,5.22,4,43,7.96,4.52,2
36,8.06,4.38,1,39,0.86,1.13,3
23,6.79,6.35,0,37,1.08,1.1,3
59,6.78,7.02,3,119,1.66,2.13,3
26,4.13,8.65,1,87,0.99,2.29,0
60,4.45,3.18,1,5,6.59,0.32,3
44,7.79,0.17,4,72,3.49,7.59,1
18,4.05,9.55,0,41,2.88,1.03,0
18,4.4,5.28,2,20,7.71,5.13,3
19,9.45,4.1,4,118,5.21,1.51,1
62,8.92,6.99,0,101,8.2,6.0,2
58,5.33,8.93,0,33,1.05,3.26,0
28,8.19,0.2,2,116,2.56,1.05,1
47,6.34,7.91,1,58,2.82,7.48,3
45,5.39,8.65,4,114,7.35,5.15,0
68,7.37,6.01,2,104,1.95,4.04,3
58,8.44,2.8,3,91,3.62,6.94,1
27,7.76,8.88,1,44,5.69,3.97,2
58,5.4,2.27,3,106,1.17,7.39,1
46,8.33,4.17,2,7,6.28,1.31,3
41,5.47,7.35,2,3,6.74,2.3,3
65,4.67,1.2,4,72,0.38,7.79,1
39,7.4,5.99,3,118,6.02,7.62,1
51,5.73,4.37,3,65,7.74,2.06,1
26,5.39,4.8,4,12,4.54,1.8,3
22,9.16,5.23,2,93,2.16,4.74,1
66,4.02,5.7,0,108,8.99,0.33,2
38,8.73,1.4,4,73,8.24,6.42,1
57,9.69,2.47,1,108,1.16,6.48,1
57,8.22,6.78,1,9,5.73,6.09,3
34,6.57,1.52,0,116,6.91,5.68,1
59,4.07,5.32,3,60,3.16,3.42,3
22,6.16,4.3,2,109,3.4,7.46,1
20,6.76,7.23,0,67,5.55,0.23,3
59,4.63,5.87,3,8,1.49,6.18,3
25,9.94,7.92,2,21,5.28,2.76,3
58,4.22,6.98,3,107,9.04,6.17,1
67,7.83,4.77,0,4,9.45,1.3,2
46,9.37,8.32,3,22,8.75,5.89,2
53,8.73,4.93,0,70,1.98,5.14,3
29,4.95,6.94,4,5,7.19,7.27,0
53,5.95,6.8,0,27,0.83,0.61,3
47,5.45,1.96,3,99,5.09,5.88,1
45,10.0,1.64,3,12,9.49,2.9,2
30,5.83,2.02,1,33,2.57,2.27,3
26,9.98,3.47,3,99,3.66,6.62,1
53,6.54,7.01,4,95,3.74,2.77,3
68,5.74,6.07,0,96,0.07,4.3,3
46,8.33,9.21,4,74,9.82,0.6,2
53,7.43,10.0,2,6,7.93,7.99,0
39,4.86,4.93,0,57,5.22,0.15,3
38,7.38,5.8,1,89,1.82,5.88,3
46,5.76,5.25,3,102,6.73,3.33,1
52,6.5,5.12,0,82,5.03,1.65,3
47,6.13,5.4,2,68,6.74,5.43,3
53,6.54,0.41,0,77,6.34,0.57,1
66,7.0,2.66,4,103,0.37,0.76,1
39,8.83,6.57,1,21,8.55,1.11,2
23,4.56,6.92,1,116,5.9,3.83,1
64,9.39,2.05,3,69,3.18,5.37,1
62,4.16,0.0,4,16,5.35,0.19,3
33,8.38,3.69,3,106,1.38,6.1,1
62,9.33,0.44,3,49,5.94,4.69,1
46,9.71,9.35,3,24,3.97,1.92,3
26,6.13,0.1,0,49,8.3,5.33,1
33,8.45,7.04,1,61,9.83,3.1,2
60,6.53,5.36,2,58,7.12,5.4,3
62,7.68,7.77,4,66,6.97,6.99,2
18,9.54,2.72,0,40,5.55,4.56,2
27,8.12,9.23,2,102,4.49,4.23,2
20,7.39,3.23,0,109,9.81,1.47,1
20,6.54,8.55,1,105,3.11,3.59,2
48,9.33,2.8,2,109,3.95,2.1,1
36,9.92,3.77,4,4,1.64,3.14,3
38,5.67,7.84,2,69,0.01,0.43,3
25,4.91,0.43,4,38,5.22,4.12,1
39,4.95,1.73,4,93,2.13,0.72,1
23,4.17,7.26,4,36,0.56,1.49,3
62,7.7,0.45,3,41,3.78,5.67,1
50,5.74,6.72,1,100,2.32,7.97,0
21,7.22,7.6,1,83,1.21,5.55,0
66,8.3,1.87,0,39,5.75,7.27,2
54,9.92,1.98,2,79,2.91,2.66,1
63,5.73,9.17,2,85,4.04,0.02,3
38,9.25,1.39,1,52,2.83,0.08,1
47,5.13,9.52,3,86,7.5,6.42,0
26,6.91,9.69,2,37,5.51,3.56,3
22,8.02,9.57,2,33,7.54,1.23,2
57,5.97,1.49,2,52,7.86,1.69,1
50,9.24,1.08,4,67,9.27,0.62,1
43,8.37,9.47,0,47,2.49,4.61,2
64,6.42,1.56,2,67,7.5,7.5,1
58,9.31,3.21,2,110,0.77,5.6,1
48,6.14,2.66,4,46,5.02,6.85,3
36,8.77,8.09,1,48,4.86,4.75,2
19,5.23,1.02,3,13,5.93,1.49,3
52,5.4,3.47,3,20,6.07,3.87,3
25,5.4,2.21,0,60,7.69,1.26,1
29,9.85,1.32,0,110,4.3,5.05,1
27,9.88,7.95,3,57,1.12,4.43,3
51,4.89,1.67,1,46,6.29,0.0,1
62,9.78,3.6,0,75,1.68,6.54,1
22,4.74,1.88,3,34,0.34,5.84,3
63,9.23,5.91,2,95,1.12,1.6,3
67,7.01,1.34,1,9,4.39,1.3,3
21,6.9,6.93,2,7,3.07,6.9,3
69,8.52,3.29,4,58,4.71,7.97,1
53,8.16,5.01,4,56,8.82,0.66,2
60,6.56,9.1,1,76,1.26,2.37,0
21,4.61,2.37,0,8,1.55,2.6,3
31,6.19,0.45,4,91,3.82,4.28,1
53,4.44,8.02,4,11,6.82,6.24,0
20,9.38,8.87,2,116,4.94,0.21,2
19,7.45,4.05,4,47,5.5,1.92,3
20,6.93,2.11,1,99,0.24,5.14,1
51,9.99,0.74,2,91,1.74,6.72,1
48,8.01,5.38,4,11,3.16,2.73,3
65,8.96,3.41,4,10,0.19,3.92,3
38,6.81,1.13,2,41,8.78,1.39,1
30,5.58,1.43,4,8,8.32,1.4,3
56,7.91,4.33,2,33,3.57,4.81,3
40,7.92,1.19,3,9,6.57,6.6,3
60,8.07,3.49,1,1,2.75,5.64,3
32,7.61,0.18,4,28,5.24,0.57,1
64,4.47,4.24,1,38,5.98,0.22,3
18,7.14,5.92,3,4,0.76,1.33,3
68,4.01,7.11,0,43,3.43,6.74,0
43,7.59,6.66,2,79,4.41,5.0,3
65,9.46,9.61,4,54,2.81,2.19,3
51,8.46,2.27,1,17,0.63,4.98,3
57,8.15,0.03,1,46,6.06,5.96,1
32,6.74,3.01,3,56,8.11,0.52,1
63,6.5,2.6,1,81,4.13,4.76,1
50,5.36,4.08,2,46,7.22,2.07,3
42,5.88,6.69,0,8,8.88,2.31,3
59,9.09,6.96,2,68,3.77,6.76,2
22,6.73,2.29,1,97,9.7,6.52,1
49,8.59,1.19,3,108,4.66,4.73,1
23,6.43,7.71,2,119,0.67,7.24,0
65,4.17,9.38,0,1,7.64,7.3,0
35,5.56,9.04,1,113,6.98,2.78,2
21,8.51,7.37,3,7,0.6,7.38,0
52,5.11,1.87,0,23,1.56,6.9,3
46,4.18,5.93,1,99,8.41,5.41,1
52,6.08,8.52,3,11,2.8,1.42,3
54,4.69,0.27,3,22,6.82,4.81,1
33,4.63,8.65,1,100,6.26,3.94,2
60,8.75,2.82,4,86,6.15,1.87,1
41,5.24,1.42,1,33,9.89,5.22,1
51,5.33,8.79,2,116,7.47,7.53,2
69,4.93,4.82,3,12,4.77,0.84,3
49,9.88,4.26,4,76,6.56,0.94,1
51,7.57,5.8,4,25,8.91,6.41,2
21,7.02,0.54,1,15,8.48,7.68,1
61,5.28,7.96,3,70,7.32,3.33,0
22,9.13,8.36,2,98,2.85,7.33,2
51,6.3,1.98,2,83,4.95,6.44,1
26,8.83,5.9,2,16,6.26,6.36,3
40,8.15,7.4,4,116,0.21,0.29,0
47,8.91,0.12,2,111,2.05,1.18,1
67,9.2,7.47,3,31,7.66,5.91,2
47,5.1,3.42,2,47,5.81,7.3,3
68,5.01,3.66,1,60,1.48,4.98,3
20,7.34,9.06,1,19,7.7,0.92,3
58,9.22,8.56,4,3,5.49,5.22,3
65,5.8,1.69,1,11,8.38,1.85,3
37,8.58,3.4,4,53,6.83,1.09,1
26,7.73,1.75,3,84,9.78,6.3,1
67,6.63,8.57,4,68,8.33,7.14,0
21,5.96,4.75,2,118,0.02,6.74,1
42,7.3,4.18,4,80,0.37,5.5,1
37,8.1,8.42,2,7,0.98,0.02,3
29,8.73,9.44,0,64,7.93,2.16,2
23,5.75,2.68,0,75,2.64,7.63,1
52,8.85,5.79,2,89,0.4,2.94,3
56,6.27,8.53,4,31,9.97,7.55,2
32,4.36,5.35,3,89,8.5,4.39,1
44,6.08,7.59,4,43,7.44,6.21,3
22,5.65,0.98,0,105,3.57,0.28,1
50,7.64,7.83,0,68,0.2,7.44,0
69,8.83,9.64,3,74,4.14,5.87,0
18,7.11,4.46,3,93,4.89,1.27,1
21,7.65,2.39,0,89,7.44,4.23,1
69,6.29,5.36,0,47,1.65,4.98,3
33,7.27,2.86,4,102,3.36,5.84,1
42,5.33,5.03,2,31,5.71,3.39,3
46,7.47,4.94,3,115,9.23,2.66,1
56,8.26,9.06,1,29,8.39,0.92,2
25,7.94,0.68,0,66,5.13,5.26,1
33,5.65,2.39,0,13,0.45,6.31,3
51,5.28,7.09,1,81,0.77,6.02,0
27,5.3,4.08,3,54,1.31,7.95,3
30,5.3,3.99,2,63,2.22,2.11,3
30,7.15,1.2,1,69,7.83,0.29,1
38,8.13,0.37,3,49,0.03,2.12,1
23,8.07,4.92,2,83,3.75,4.99,1
49,5.28,0.02,2,50,6.35,1.95,1
63,5.77,9.94,1,68,3.89,6.63,0
56,5.6,2.24,1,114,5.0,3.97,1
21,4.02,6.12,0,9,6.76,4.15,3
45,9.35,7.71,0,51,9.35,5.27,2
25,9.03,1.85,2,114,5.41,5.01,1
57,5.53,7.5,2,92,5.45,3.47,3
47,5.45,7.42,1,88,2.0,6.25,0
32,9.61,3.6,4,15,5.55,0.76,3
33,4.9,7.43,2,62,4.95,3.77,3
46,6.34,0.57,3,63,2.76,1.76,1
54,9.8,4.76,4,69,7.07,5.47,1
64,4.93,1.64,4,51,3.33,7.28,1
64,4.03,4.99,4,115,7.06,3.06,1
18,5.96,3.4,4,17,1.98,6.48,3
51,9.2,3.48,1,15,4.4,7.11,3
54,9.02,5.52,4,27,9.87,2.27,2
21,8.2,2.05,1,90,0.24,2.67,1
25,5.08,8.1,3,15,7.07,5.86,3
36,6.54,6.92,4,15,0.29,2.51,3
29,8.14,6.58,2,84,4.08,3.47,3
44,9.23,3.99,2,73,1.36,2.0,3
33,5.76,2.55,3,10,1.8,3.72,3
56,6.73,4.03,3,109,7.46,6.07,1
23,6.2,0.73,2,53,9.65,5.19,1
51,6.74,3.63,2,17,2.22,5.72,3
35,6.93,9.88,2,24,5.37,5.37,3
60,8.61,3.15,2,113,8.99,3.88,1
45,6.95,0.16,2,103,8.97,5.38,1
55,9.03,9.43,0,36,4.61,4.72,2
20,9.97,3.59,4,62,7.55,2.38,1
68,8.03,5.7,3,113,1.16,3.81,1
29,5.07,7.0,4,110,7.8,1.63,1
23,7.03,9.97,3,61,1.97,3.91,0
41,7.62,6.38,3,108,8.78,1.1,2
41,5.92,3.8,4,81,2.38,7.97,1
24,9.53,6.65,4,58,6.74,4.65,2
45,4.81,7.52,2,1,2.79,0.95,3
43,6.1,9.61,3,67,9.9,0.1,2
41,4.48,0.65,4,25,4.3,2.2,3
18,8.22,7.73,1,10,6.51,7.69,2
27,4.34,8.11,4,21,4.53,1.81,3
18,8.86,5.24,0,41,1.42,1.28,3
51,5.36,4.59,2,62,2.74,2.75,3
19,9.11,0.99,3,4,6.36,6.29,1
32,5.86,8.7,1,88,1.04,2.21,0
41,7.88,2.75,1,78,0.6,0.6,3
62,4.56,8.56,1,29,5.9,7.35,0
36,5.61,3.02,1,117,6.5,6.38,1
57,4.34,6.53,2,77,2.03,7.19,0
56,5.84,5.27,2,113,0.68,7.24,0
46,8.5,5.17,2,77,6.31,6.26,2
31,7.04,6.25,3,46,2.32,3.55,3
26,4.1,2.13,0,118,8.81,7.79,1
24,7.82,2.42,2,112,6.32,1.75,1
20,8.43,5.77,0,97,8.03,2.46,2
18,6.05,0.07,0,6,4.72,1.38,3
66,7.59,5.86,0,18,9.58,2.82,2
23,4.47,1.2,4,33,4.79,6.12,1
25,4.67,2.75,4,54,6.58,6.42,1
68,8.62,6.36,2,32,6.35,3.42,3
52,8.96,9.92,2,95,5.29,2.92,2
48,5.92,5.58,1,14,4.37,6.05,3
57,9.02,6.17,4,104,6.58,2.67,1
66,9.01,5.09,1,63,5.64,2.99,2
66,4.18,6.58,0,104,2.11,1.2,3
18,8.39,1.9,2,109,2.44,1.19,1
54,8.53,6.21,2,29,5.04,2.06,3
61,9.2,8.34,0,118,6.48,2.38,2
42,4.64,5.83,3,113,9.54,6.88,1
38,5.93,2.41,3,3,0.36,5.91,3
40,4.15,9.89,2,102,9.02,1.58,2
34,7.67,7.7,4,88,2.08,5.51,0
61,4.41,5.88,0,56,0.31,2.68,3
67,5.33,2.21,2,71,8.96,5.37,1
57,7.65,9.86,4,21,0.08,7.08,0
45,8.74,1.24,3,16,1.1,5.96,3
26,9.63,1.18,4,89,0.43,7.95,1
21,9.64,0.99,2,113,6.71,2.52,1
27,7.65,1.94,1,117,1.02,2.35,1
35,9.68,7.72,0,43,2.06,0.37,3
41,6.98,1.07,1,85,0.47,1.56,1
23,6.86,1.17,2,46,2.17,7.4,1
19,9.98,6.23,2,16,5.3,0.06,3
69,6.56,0.02,1,119,7.72,2.4,1
41,9.64,0.32,0,9,2.26,1.5,1
58,4.97,6.56,2,19,3.79,6.36,3
55,4.5,3.45,2,9,2.9,1.38,3
38,7.31,5.56,0,43,0.98,4.48,3
30,9.34,7.66,1,67,4.7,1.85,2
53,5.43,0.71,4,66,4.53,4.84,1
65,6.55,9.61,3,63,0.41,1.22,0
34,8.97,3.42,3,90,1.39,7.44,1
60,7.44,6.91,2,117,7.19,4.7,1
45,8.35,4.87,2,115,8.71,6.3,1
35,9.85,7.64,2,19,3.02,6.56,3
55,6.51,5.51,4,21,1.73,6.49,3
44,9.58,6.58,3,7,7.31,0.01,3
39,5.65,8.71,1,68,9.7,1.08,2
43,6.88,2.52,1,32,9.32,3.37,2
34,4.03,2.65,1,32,7.63,1.52,3
41,8.2,8.22,4,90,1.05,0.72,3
20,5.66,6.79,1,2,1.58,4.25,3
41,8.74,4.07,2,104,4.02,3.99,1
32,4.27,3.43,2,0,3.7,6.39,3
49,7.04,7.32,4,111,3.67,7.82,0
64,5.22,7.69,2,20,4.05,7.73,3
19,9.46,5.71,2,97,6.96,1.46,2
63,8.76,4.97,1,84,5.91,6.38,2
44,9.0,2.52,2,74,4.08,0.48,1
66,7.89,8.9,4,44,4.31,7.81,0
60,6.77,9.55,4,66,4.89,3.07,0
32,5.06,9.4,0,31,6.11,0.01,3
58,8.37,3.87,1,9,3.93,1.27,3
44,7.94,4.41,2,49,5.19,7.46,3
62,8.13,6.72,1,52,3.72,2.44,3
62,8.77,2.23,1,81,0.2,4.06,1
46,9.56,8.73,3,106,2.47,7.24,2
63,5.77,6.34,4,76,9.45,0.79,2
19,9.03,4.78,4,109,6.0,2.11,1
67,6.26,9.22,4,7,4.73,5.97,3
48,7.76,6.66,0,40,3.82,4.93,3
57,7.04,3.82,1,48,7.18,3.79,3
69,7.15,0.03,3,6,1.61,6.38,3
27,4.47,5.32,3,72,3.83,6.33,3
45,5.6,4.25,2,70,9.39,2.31,1
68,4.07,1.74,3,71,6.55,1.08,1
26,6.13,4.66,4,116,1.81,4.86,1
59,7.79,5.72,2,98,0.17,4.97,3
58,7.11,9.3,3,101,9.2,7.73,2
45,6.41,2.88,4,55,8.92,5.74,1
44,8.29,1.29,0,108,7.47,2.2,1
22,5.0,5.46,2,47,2.89,2.62,3
48,7.43,0.09,4,79,7.01,3.58,1
66,5.27,2.17,3,97,6.6,2.84,1
20,7.61,9.37,2,85,0.06,6.96,0
43,4.56,2.93,0,14,3.21,1.49,3
20,7.41,7.78,2,19,5.4,3.07,3
45,4.43,3.18,2,93,2.16,0.22,3
60,4.26,7.11,0,10,9.64,2.03,3
60,9.97,7.75,2,91,7.71,3.8,2
57,7.19,9.55,4,23,2.92,0.56,3
54,7.01,9.2,4,78,3.99,2.53,0
30,9.08,0.57,0,40,7.46,2.26,1
69,6.33,9.57,2,87,6.44,0.69,2
44,7.67,2.15,1,48,5.46,6.9,1
33,5.6,8.86,3,39,8.52,3.77,2
29,9.95,6.98,3,60,2.71,2.68,3
47,8.16,5.91,4,70,0.41,7.43,0
40,6.7,1.2,0,91,3.58,0.63,1
26,7.01,6.04,3,70,2.93,2.35,3
51,8.39,9.32,2,16,7.36,2.7,2
62,9.69,7.61,0,57,0.45,1.72,3
42,5.1,1.24,1,49,8.22,6.35,1
40,9.44,3.41,3,77,4.68,5.02,1
58,6.64,9.07,4,7,6.18,3.49,3
54,6.87,7.51,1,9,3.03,0.49,3
52,4.24,5.12,3,117,3.9,3.07,1
44,7.09,2.18,0,82,0.01,6.9,1
48,7.67,9.74,2,13,2.52,1.57,3
68,6.23,5.65,2,0,1.34,0.31,3
26,5.21,2.35,1,39,0.46,4.0,3
21,7.79,8.36,0,116,1.32,0.35,2
51,9.03,3.84,1,98,5.15,3.8,1
54,8.05,1.19,0,14,5.72,1.38,3
49,4.94,5.15,3,95,1.61,2.0,3
53,9.16,0.06,2,82,9.78,5.29,1
53,8.38,6.57,0,86,9.11,7.58,2
34,9.33,9.13,3,104,9.78,2.93,2
24,5.17,6.74,0,57,2.44,0.98,3
28,7.15,7.49,4,99,2.39,6.59,0
66,5.81,8.16,0,118,3.65,3.13,2
45,4.68,5.63,3,37,5.81,2.62,3
21,4.98,3.17,1,2,6.59,4.39,3
19,6.15,4.55,4,15,3.67,6.2,3
35,4.86,5.85,3,52,2.74,6.75,0
51,4.71,9.7,2,67,5.17,7.08,0
55,7.28,9.94,4,105,0.02,7.46,0
55,4.99,1.36,3,118,9.29,7.3,1
68,9.06,0.37,1,13,0.73,7.35,1
69,8.48,8.92,3,34,5.42,3.45,3
47,8.37,4.25,1,13,6.75,5.1,3
23,4.69,5.23,1,102,3.62,2.36,1
48,8.69,8.01,3,17,6.02,3.35,3
21,6.67,3.02,2,25,7.83,5.67,3
28,5.31,4.23,0,33,8.31,4.4,2
38,8.14,8.58,2,76,0.73,0.09,3
66,4.47,3.66,3,92,2.7,1.72,1
46,6.66,5.51,0,84,8.03,2.13,2
33,6.42,6.9,2,101,8.09,2.13,2
35,8.12,6.4,3,23,7.63,2.8,3
32,8.48,4.15,1,102,0.91,0.7,1
52,9.5,8.4,2,53,2.89,7.27,2
21,9.13,3.56,1,60,5.15,4.77,2
46,8.15,0.22,4,1,6.07,0.69,3
26,5.16,4.23,3,45,5.01,4.13,3
67,5.19,3.74,4,37,9.45,0.16,3
47,5.04,1.11,2,105,5.02,6.14,1
44,6.27,9.83,0,97,3.0,4.84,0
44,9.83,8.64,2,90,4.21,3.35,2
55,7.96,9.77,0,30,7.77,6.76,2
58,6.35,4.47,4,90,9.38,7.55,1
52,4.35,2.27,3,7,3.9,2.47,3
22,9.23,2.83,2,28,4.98,0.57,3
34,6.06,0.56,0,19,9.0,1.56,1
25,4.92,0.27,4,36,0.31,7.37,1
44,8.28,8.7,4,25,9.68,7.34,2
21,6.28,5.48,4,12,2.09,1.04,3
32,6.11,6.45,2,23,9.95,6.17,2
60,5.86,3.78,1,48,9.54,7.03,2
46,9.32,9.28,4,94,7.18,4.87,2
68,8.96,9.62,0,35,8.44,4.48,2
20,9.67,6.91,1,2,10.0,2.77,2
21,9.24,2.87,2,22,1.61,4.77,3
52,7.36,8.36,3,12,6.24,6.13,3
60,5.05,8.83,2,77,1.69,3.82,0
37,7.77,6.24,0,64,3.28,5.36,3
50,8.17,9.65,3,76,2.24,1.77,3
24,4.81,2.08,2,23,9.22,5.79,1
35,8.13,5.15,1,97,0.3,2.05,3
32,8.95,3.89,4,5,9.9,5.24,2
18,6.7,5.73,1,17,0.24,4.1,3
64,8.5,5.64,3,113,0.23,4.71,1
22,6.38,5.91,4,54,8.87,0.89,3
20,7.01,3.29,3,114,4.54,6.3,1
49,8.22,5.75,4,94,2.57,2.6,1
54,7.55,1.07,0,88,0.36,3.39,1
30,7.8,8.61,0,47,3.69,1.39,3
62,8.23,7.59,2,95,1.29,1.8,3
56,7.02,3.02,2,92,3.06,3.73,1
19,8.2,4.91,2,102,5.11,5.45,1
62,8.66,2.13,2,69,9.06,1.41,1
21,8.89,4.78,2,60,4.34,1.17,3
59,4.79,9.13,3,56,4.4,7.84,0
42,4.88,9.64,4,85,8.8,0.2,2
33,9.74,8.64,0,52,9.14,2.88,2
37,4.23,2.13,3,30,1.07,0.12,3
43,4.71,8.38,0,56,9.86,7.33,2
25,7.85,7.82,1,34,5.59,1.71,3
51,4.55,3.24,2,97,1.83,0.78,1
69,4.95,3.17,3,17,0.66,1.23,3
53,9.06,6.24,2,32,7.14,2.76,2
35,5.44,8.19,3,83,5.23,7.44,0
51,5.93,8.3,0,105,2.45,5.44,0
65,6.02,0.92,3,80,4.61,6.5,1
39,8.88,1.92,2,110,0.66,1.98,1
52,8.22,6.6,2,54,9.19,1.02,2
38,4.89,9.33,4,64,2.04,0.95,0
48,6.28,5.42,3,61,6.17,1.06,3
25,8.62,5.18,3,21,8.58,4.36,2
26,8.59,5.01,4,108,1.15,0.51,1
25,8.56,1.41,4,20,6.85,6.84,1
47,6.51,8.45,4,94,9.78,7.74,2
28,9.48,4.46,4,14,4.46,5.86,3
56,7.18,0.97,2,97,9.89,7.89,1
68,6.8,2.55,0,34,9.32,1.27,2
40,7.09,4.08,2,80,8.6,0.38,1
19,6.86,8.64,0,74,9.53,1.5,2
55,9.67,9.14,0,47,4.01,7.16,2
69,4.82,8.24,2,99,9.79,3.39,2
62,9.7,2.64,0,11,6.45,5.56,2
67,4.65,0.94,3,119,6.59,4.36,1
30,6.09,1.6,2,90,4.54,7.09,1
57,5.97,5.61,2,71,7.01,0.71,3
65,8.28,3.17,3,60,5.51,1.96,1
38,8.7,8.16,2,4,7.49,0.27,3
58,4.68,8.74,3,106,5.94,6.74,0
66,7.86,4.05,1,96,6.51,3.13,1
23,4.22,2.33,3,117,7.73,4.56,1
31,8.17,5.42,2,46,9.53,7.02,2
49,9.61,7.56,1,80,0.06,6.4,2
35,5.72,1.43,3,31,4.5,1.88,3
33,5.9,5.25,3,31,8.5,3.68,3
56,7.96,2.71,2,51,0.42,6.7,3
65,6.41,7.17,2,96,0.73,1.95,3
47,5.07,2.11,3,10,7.61,5.95,3
39,8.17,5.08,3,71,9.68,5.1,2
61,4.17,9.15,3,99,4.15,7.05,0
37,7.71,7.89,1,16,9.92,0.7,2
31,9.68,5.88,1,102,1.68,5.23,1
22,6.37,8.76,2,51,4.06,7.36,0
46,8.76,2.08,2,46,9.81,5.56,1
59,5.53,3.53,1,117,7.15,4.28,1
21,4.8,8.97,0,114,0.99,1.96,0
55,9.87,0.6,1,52,7.42,4.94,1
39,8.12,3.42,4,67,1.35,4.09,1
61,4.51,9.38,3,66,1.59,6.94,0
26,5.04,1.06,2,39,3.14,4.38,3
34,9.65,0.63,1,61,0.84,5.59,1
37,5.65,6.58,3,16,7.67,2.29,3
39,4.53,4.29,1,118,5.56,0.32,1
60,7.9,0.43,3,91,7.22,5.33,1
53,8.22,4.13,4,44,4.75,3.66,3
54,4.98,7.84,0,56,7.68,7.71,2
34,5.02,2.52,4,29,1.51,2.34,3
53,7.11,3.18,1,92,7.6,6.78,1
51,7.09,6.06,4,34,5.96,1.22,3
68,9.19,0.47,4,78,1.0,6.2,1
42,6.13,5.85,3,86,1.6,4.27,3
23,4.79,4.99,3,58,7.98,7.45,1
42,6.64,5.63,0,106,7.38,0.8,2
63,5.22,9.65,1,89,5.7,0.71,2
63,5.27,3.11,3,40,2.51,7.11,3
49,6.66,3.11,0,82,0.96,6.28,1
52,8.06,5.45,3,43,6.18,1.71,3
45,5.37,8.33,0,50,5.19,2.48,3
42,8.48,5.67,2,44,9.71,3.95,2
22,4.51,9.1,3,4,8.28,1.84,3
19,7.4,3.82,0,3,3.19,3.08,3
24,4.66,2.99,0,6,3.01,1.18,3
37,7.5,7.51,4,103,6.19,0.89,2
28,7.9,1.62,0,32,7.5,4.53,1
46,8.32,0.78,4,64,4.09,4.12,1
34,6.91,2.27,0,96,5.33,4.75,1
19,6.29,3.08,2,80,5.09,4.14,1
69,4.51,5.68,4,81,2.55,7.59,0
65,4.75,5.56,4,12,4.11,7.8,3
27,8.06,0.44,2,62,1.99,4.25,1
27,7.71,7.45,1,43,0.09,5.21,3
57,5.75,5.5,4,119,0.66,4.59,0
60,5.28,6.08,2,17,5.95,3.57,3
49,6.51,1.16,0,65,5.09,6.39,1
57,9.93,0.86,1,79,4.8,6.92,1
46,8.03,3.71,2,115,5.46,0.63,1
34,9.63,7.94,4,53,2.03,2.55,3
35,7.63,0.4,4,0,9.7,0.67,1
31,8.95,5.96,4,119,4.97,7.91,1
61,9.97,1.8,3,6,1.21,7.83,3
49,4.1,1.32,4,43,9.09,0.92,1
66,7.33,1.11,1,101,3.08,2.63,1
38,5.64,7.6,4,14,0.78,6.82,0
64,5.12,1.01,1,118,3.72,7.73,1
19,7.89,2.61,2,54,9.18,2.53,2
37,4.32,6.34,2,65,4.98,0.81,3
61,5.3,8.61,0,28,2.61,7.79,0
26,7.1,2.27,1,55,4.73,5.51,1
56,9.29,5.41,1,29,3.59,6.78,3
44,9.78,3.0,4,103,6.32,1.31,1
45,9.96,9.04,3,57,7.55,1.16,2
53,6.32,2.8,3,86,3.53,7.74,1
52,5.81,6.21,2,35,3.52,6.08,3
49,8.56,7.66,4,56,1.41,3.11,3
19,6.11,0.17,1,45,3.49,7.69,1
22,8.81,0.5,2,106,8.64,2.01,1
50,9.17,4.3,1,111,5.74,7.67,1
53,5.9,7.66,1,16,9.2,1.42,3
29,5.48,0.22,0,111,2.24,4.66,1
63,7.52,1.64,1,105,8.8,2.65,1
52,4.3,3.94,3,93,1.33,5.89,1
67,5.42,8.04,1,27,9.08,3.08,2
56,7.22,2.44,0,74,6.68,7.02,1
53,4.98,9.39,1,61,8.62,5.3,2
57,5.4,3.79,2,84,1.67,6.24,1
49,6.8,7.28,4,26,0.33,3.34,3
41,7.86,5.94,4,25,5.69,3.9,3
45,9.1,8.41,1,52,0.68,4.67,3
48,5.18,3.01,2,6,0.12,6.45,3
57,7.96,1.17,0,10,3.61,3.87,3
67,6.09,3.48,1,76,2.47,0.62,3
56,6.63,6.71,4,53,8.38,4.44,2
35,6.26,0.13,2,27,4.28,1.13,3
47,4.62,6.65,3,112,6.51,2.61,1
27,7.35,1.47,3,20,3.74,5.89,3
68,8.43,5.66,1,84,8.13,4.29,2
19,4.8,1.78,3,111,0.7,1.95,1
35,8.34,8.34,2,100,8.5,5.57,2
34,5.87,7.36,0,118,5.59,2.94,2
43,8.52,7.25,2,118,9.97,1.69,2
21,7.6,7.99,2,27,8.6,4.46,2
21,5.25,6.65,0,115,5.97,3.82,2
49,6.08,1.44,2,70,0.9,4.88,1
41,4.01,9.39,3,78,7.25,0.13,0
49,8.15,9.79,1,85,0.47,0.3,3
18,6.68,0.05,0,80,4.45,5.06,1
60,6.1,4.0,0,7,0.1,7.27,3
27,8.91,0.26,3,29,1.55,5.9,1
56,6.05,0.71,1,51,1.87,6.53,1
63,8.77,3.46,1,103,4.65,3.14,1
66,5.78,7.23,2,20,7.94,4.09,3
66,4.89,2.75,1,77,0.18,7.36,1
27,4.48,3.18,2,51,6.31,2.25,3
27,5.68,0.13,1,23,4.82,1.26,3
54,4.85,6.93,3,94,1.19,0.22,3
63,8.47,6.95,3,93,7.58,6.76,2
44,8.0,5.95,3,94,9.37,2.7,2
37,4.92,6.39,3,58,3.79,6.46,3
63,9.73,8.16,0,52,1.51,5.33,2
21,6.44,6.15,2,116,7.51,5.35,1
34,6.56,3.4,0,49,6.61,6.15,2
28,8.03,9.67,1,66,5.59,2.22,2
66,6.64,2.87,4,48,5.4,1.99,3
39,5.85,5.75,4,21,6.39,6.51,3
56,7.35,6.65,0,104,1.28,7.72,0
47,5.94,2.92,4,19,1.71,4.87,3
23,8.27,6.13,3,73,3.47,2.75,3
31,9.77,2.1,0,87,2.95,4.82,1
22,7.15,1.47,0,100,9.81,2.4,1
26,7.37,0.13,3,36,2.27,6.63,1
66,5.77,0.71,0,49,2.66,0.48,3
42,7.48,8.69,3,41,5.97,5.59,3
63,6.89,8.57,4,109,8.12,3.67,2
36,4.84,3.15,4,31,5.73,6.65,3
35,4.08,9.3,1,82,3.37,4.22,0
54,4.55,8.29,4,67,2.63,0.57,0
49,8.75,7.71,3,33,4.72,5.35,3
42,8.75,1.33,0,23,1.16,4.45,3
65,4.56,4.73,2,47,3.38,2.2,3
36,7.51,6.84,2,27,8.33,3.6,3
47,9.01,0.52,4,11,3.68,1.64,3
33,5.27,1.61,1,48,3.61,3.48,3
58,5.65,2.95,4,94,7.88,2.5,1
40,8.64,7.93,2,77,1.49,0.44,3
38,7.16,3.37,2,67,1.71,6.35,3
33,4.48,8.32,2,117,6.97,7.93,0
27,9.94,1.5,1,110,4.68,5.14,1
29,7.31,6.5,3,98,5.63,7.55,1
34,6.85,4.2,4,18,8.34,6.44,3
25,9.02,8.46,4,56,9.21,6.5,2
19,6.41,3.35,2,87,4.95,3.19,1
35,8.74,7.35,3,119,6.51,5.6,2
63,9.8,1.87,0,9,4.81,7.12,2
65,6.89,2.1,0,16,4.25,3.4,3
35,4.02,8.92,0,40,3.93,4.65,0
49,6.83,5.36,3,35,7.97,2.57,3
41,9.98,5.59,1,43,4.26,5.78,2
40,6.97,3.73,0,16,8.66,7.23,2
64,6.48,5.5,4,43,4.65,2.74,3
45,6.0,2.19,1,64,6.66,3.35,1
54,8.98,4.91,3,111,2.64,3.26,1
66,7.45,9.66,4,101,7.61,6.35,2
31,6.35,2.19,4,75,4.71,1.02,1
50,6.29,5.8,2,80,6.78,6.93,1
22,4.92,2.51,1,71,3.59,1.05,3
24,5.3,9.05,1,61,7.19,3.31,2
29,9.13,4.65,2,18,4.97,1.19,3
23,8.18,0.14,1,109,4.25,0.1,1
19,8.66,2.38,2,114,7.21,5.1,1
53,7.77,5.9,4,104,2.45,1.86,1
46,5.91,8.98,2,10,5.31,0.26,3
30,9.11,4.45,4,22,1.11,4.36,3
40,9.03,2.81,0,77,7.77,3.93,1
55,7.09,6.22,1,44,3.05,7.87,3
35,7.31,0.4,2,7,8.29,7.26,1
18,4.14,2.98,1,65,6.15,2.98,1
46,9.67,5.79,2,73,4.14,2.25,2
32,4.55,1.13,1,63,0.13,1.76,1
20,7.11,3.94,3,15,7.65,4.43,3
40,7.24,0.68,2,58,1.97,2.99,1
55,4.8,4.03,1,110,0.49,7.93,1
29,6.36,2.25,1,38,0.85,3.55,3
47,8.43,0.25,3,112,8.56,4.74,1
37,9.33,4.15,1,22,3.36,2.71,3
26,9.48,4.71,2,77,7.22,2.39,2
65,8.48,0.01,0,62,8.94,5.51,1
54,5.48,8.47,4,90,5.82,1.81,3
61,4.34,4.42,4,36,7.69,6.99,3
34,8.8,6.28,0,25,8.88,7.34,2
26,6.6,5.31,2,92,1.99,2.76,3
28,7.41,5.1,0,69,6.36,3.67,2
30,8.91,6.35,2,17,1.07,7.4,3
28,5.55,5.42,1,73,1.31,6.41,3
25,8.65,2.68,2,74,2.7,5.31,1
47,9.48,8.16,3,51,8.37,1.17,2
61,6.6,3.75,3,74,4.32,7.4,1
55,5.05,0.29,3,18,4.64,3.09,3
19,6.76,6.24,4,55,6.38,5.83,3
26,4.74,2.24,3,48,8.57,7.14,1
57,8.34,1.27,3,116,4.16,4.29,1
35,9.06,9.69,0,21,4.84,3.28,2
55,9.07,3.77,4,75,2.03,0.73,3
25,5.51,4.48,0,62,0.79,4.42,3
25,9.97,2.9,1,23,3.2,0.09,3
56,4.41,3.47,0,43,2.28,5.28,3
50,4.02,2.94,1,39,6.04,6.05,3
37,9.63,6.07,1,104,9.02,4.41,2
30,6.98,6.85,2,76,4.21,5.63,3
59,7.86,3.48,3,116,2.25,0.05,1
27,5.61,0.92,3,3,4.72,6.02,3
25,9.45,3.35,3,25,6.26,2.7,3
46,4.29,0.37,0,102,4.47,3.24,1
23,5.52,3.58,0,1,2.95,7.46,3
41,4.02,4.5,0,41,3.38,5.81,3
63,5.75,1.13,1,29,2.21,5.46,3
41,5.54,3.65,0,50,5.0,4.8,3
68,9.45,4.9,3,94,3.94,6.81,1
18,9.96,7.63,4,0,7.79,1.78,2
31,6.86,2.11,3,78,6.15,0.85,1
38,7.06,9.36,2,23,7.48,5.32,3
42,6.57,3.8,0,115,9.05,1.47,1
37,5.22,4.52,1,20,9.23,4.41,3
35,7.92,3.06,2,41,5.31,4.74,3
21,4.06,9.89,0,91,2.26,0.01,0
64,7.98,6.49,1,67,8.06,4.46,2
57,7.65,3.54,4,16,6.45,5.65,3
62,6.29,2.28,1,22,1.05,2.88,3
49,5.95,9.84,0,102,0.47,0.36,0
64,8.3,3.71,4,28,2.34,1.47,3
68,6.93,4.57,2,0,1.68,1.23,3
59,7.67,2.94,4,52,9.92,6.8,1
59,9.6,7.21,3,103,3.6,1.06,2
49,5.83,6.75,2,108,4.99,3.32,1
69,4.42,5.16,0,54,2.46,1.15,3
61,4.23,1.33,1,61,0.81,0.63,3
22,6.65,8.53,0,31,9.23,6.97,2
18,5.57,8.32,1,98,5.4,4.33,2
63,9.07,3.63,4,89,4.98,3.83,1
30,7.43,7.67,0,104,8.72,3.72,2
68,4.71,0.64,4,30,5.33,0.16,3
57,7.69,6.67,0,56,0.66,7.75,3
51,8.23,6.04,4,113,0.89,3.3,1
39,8.23,2.94,1,23,8.77,1.93,2
62,7.62,7.1,4,20,1.79,4.35,3
50,6.52,5.0,3,62,0.75,4.74,3
64,6.04,4.95,3,87,2.82,3.37,3
62,4.57,1.79,3,118,7.38,2.18,1
61,4.26,7.45,0,70,0.65,5.09,0
21,9.42,0.51,3,19,6.04,0.53,1
30,8.34,8.27,2,31,2.61,1.61,3
42,5.08,3.64,4,35,2.88,0.11,3
19,8.0,3.85,2,65,4.09,6.69,3
22,6.4,2.88,4,93,0.72,3.14,1
49,5.59,6.43,1,117,0.05,3.81,0
55,5.56,5.82,4,29,4.31,7.71,3
30,6.1,1.24,3,76,2.97,7.52,1
52,9.09,3.97,1,75,0.44,1.66,1
27,5.39,3.69,1,17,0.51,1.8,3
30,4.55,1.92,2,65,4.15,7.42,1
25,4.99,9.97,0,25,3.2,4.03,0
43,9.34,4.29,3,43,9.71,5.06,2
41,9.66,1.33,2,44,5.43,4.2,1
39,8.69,9.04,1,100,2.86,2.83,2
18,5.19,3.17,0,84,5.72,1.55,1
31,4.13,3.9,3,114,1.17,0.08,1
38,9.75,2.72,0,64,5.29,5.94,2
20,6.32,7.18,4,116,7.53,5.41,1
67,6.7,9.73,3,80,6.11,3.52,0
48,5.66,6.56,0,30,3.46,7.14,3
46,8.88,9.77,2,10,0.71,7.79,0
51,7.7,3.35,1,55,1.21,5.44,3
45,5.75,8.29,0,47,9.88,1.43,2
59,4.82,6.75,3,110,0.5,6.6,0
36,6.66,6.55,4,54,7.18,3.83,3
18,4.37,3.18,0,87,5.36,0.12,1
46,7.85,1.43,4,107,9.61,1.09,1
27,7.08,5.79,2,86,9.79,6.25,2
27,5.79,1.3,0,70,1.44,5.01,1
60,6.62,4.67,1,106,2.2,3.17,1
66,4.99,4.73,0,72,9.55,3.88,2
31,6.18,0.21,1,98,7.96,3.29,1
20,7.43,2.78,2,110,0.77,3.18,1
28,8.48,3.05,1,12,0.62,4.48,3
66,4.39,4.38,4,28,3.0,1.02,3
56,4.09,4.88,0,98,0.3,6.21,0
23,6.68,0.03,0,20,2.56,6.64,1
42,4.92,9.39,3,100,7.31,1.9,2
47,8.93,4.78,3,109,6.15,3.26,1
58,7.42,3.6,2,72,4.4,7.68,1
69,5.3,5.81,1,78,5.72,0.63,3
20,6.6,0.71,3,18,3.74,6.96,3
44,7.61,6.92,3,119,5.14,1.82,1
54,6.72,5.55,4,36,5.32,2.44,3
32,6.47,4.75,3,67,0.99,4.63,3
25,8.44,4.38,2,3,4.07,5.67,3
66,8.25,0.43,0,56,0.74,5.63,1
49,6.46,5.74,2,36,1.65,7.64,3
19,9.57,3.98,3,100,8.03,4.1,1
42,9.93,5.38,0,103,4.41,2.85,2
31,9.28,0.47,4,70,1.13,5.21,1
63,5.26,1.76,0,52,2.13,3.31,3
53,9.98,3.68,0,52,0.2,3.05,3
40,7.19,9.76,1,95,4.48,4.67,0
35,8.82,8.41,3,53,6.55,3.05,2
42,7.89,6.02,4,50,5.16,6.96,3
21,8.3,9.14,3,74,9.45,7.09,2
35,6.51,7.94,0,5,0.08,1.48,3
22,6.22,7.07,3,49,4.87,3.99,3
45,4.92,3.14,0,66,0.45,2.35,3
23,5.51,7.84,3,73,9.28,6.26,2
57,6.1,2.03,4,118,8.83,0.98,1
45,6.41,7.21,4,101,2.57,6.86,0
26,7.32,1.89,1,32,4.61,4.22,3
34,7.57,6.14,3,68,6.3,1.34,3
52,6.71,3.33,2,50,6.22,6.71,3
31,6.31,8.3,1,80,8.21,3.73,2
51,6.21,8.05,1,96,0.63,3.5,0
46,7.78,8.5,3,28,5.43,5.35,3
66,5.75,9.37,1,0,4.35,4.53,3
49,9.83,0.43,0,104,8.04,7.22,1
46,9.97,4.22,3,3,0.75,6.65,3
37,6.09,3.38,1,103,9.5,7.84,1
63,4.67,3.86,1,86,3.88,5.87,1
66,8.7,9.52,0,36,8.52,3.83,2
34,8.04,5.05,1,60,8.67,4.91,2
26,9.74,9.13,0,112,6.93,3.4,2
33,5.54,8.2,4,57,3.77,2.72,3
59,6.35,4.37,3,75,4.54,6.37,1
66,5.47,5.12,4,37,2.66,2.78,3
52,9.76,7.47,4,117,3.85,1.96,1
49,8.82,9.22,0,64,9.33,4.94,2
38,7.48,4.54,3,31,2.89,7.69,3
54,9.23,5.98,3,9,4.69,4.01,3
36,5.65,7.86,1,74,0.58,0.95,3
63,5.89,8.01,1,18,7.48,1.39,3
46,6.13,3.1,3,84,6.9,2.73,1
56,6.23,9.76,2,117,3.08,7.44,0
52,9.74,2.44,4,35,9.47,1.62,1
68,7.1,9.4,3,49,4.83,5.15,0
57,4.02,3.89,3,110,8.63,7.38,1
27,6.94,0.54,1,8,9.41,3.22,1
27,9.58,7.39,4,19,3.08,7.11,0
66,5.45,0.6,3,7,2.83,3.33,3
65,5.3,4.84,1,86,7.09,0.18,1
27,4.49,7.57,0,15,4.74,7.65,3
56,5.87,8.16,1,46,7.28,7.72,2
41,7.66,4.56,4,18,8.87,7.09,2
68,9.71,4.1,4,59,5.18,0.9,1
56,8.99,8.0,3,99,0.62,2.09,0
56,5.07,5.97,1,100,0.43,3.54,3
33,5.49,5.89,4,99,4.03,5.56,1
40,5.67,7.23,4,80,6.36,7.43,0
31,9.12,9.85,3,118,9.31,5.52,2
37,8.61,2.04,3,12,5.46,0.54,3
62,9.83,8.73,4,46,9.61,1.48,2
37,8.72,0.91,3,118,3.76,1.11,1
65,9.92,8.09,0,53,0.49,3.7,2
32,4.22,9.67,2,99,9.52,5.72,2
68,6.88,6.1,1,59,2.87,6.41,3
49,7.58,5.48,0,24,6.18,4.0,3
47,6.81,1.34,0,61,8.71,0.19,1
44,7.08,0.58,3,1,0.83,2.33,3
49,4.32,4.97,3,31,3.61,2.31,3
23,6.46,8.31,0,70,7.19,4.04,2
59,4.66,8.19,4,89,6.93,0.64,0
23,9.03,6.0,4,51,1.41,5.17,3
61,5.87,8.36,1,76,6.54,2.68,2
60,4.37,1.39,0,76,9.76,7.73,1
60,9.55,9.83,1,109,0.45,4.28,2
68,8.15,3.53,3,57,2.33,2.12,3
48,4.8,8.83,4,66,2.85,1.88,0
20,5.18,5.72,4,48,6.81,0.92,3
25,9.19,0.93,1,22,2.39,4.32,1
27,5.48,6.79,3,28,8.94,4.93,3
32,5.14,2.58,2,109,3.86,5.97,1
30,6.95,8.47,3,72,0.34,1.88,3
18,5.94,0.63,4,50,3.37,7.61,1
56,5.6,5.61,0,76,1.71,0.58,3
30,9.09,3.34,2,112,4.71,5.91,1
56,9.09,7.18,4,99,0.72,5.71,0
40,7.63,9.86,3,83,1.09,6.63,0
61,8.64,1.95,4,48,6.79,1.6,1
68,5.95,7.43,0,91,9.14,5.2,2
31,6.34,7.78,3,1,3.37,1.99,3
42,6.44,3.09,4,31,4.98,4.8,3
55,8.93,1.4,4,8,3.09,3.91,3
50,8.27,5.17,4,88,7.56,7.02,1
42,5.16,3.58,2,59,0.17,5.13,3
18,4.46,8.19,2,20,3.71,5.66,0
56,8.61,3.5,1,34,5.45,3.09,3
26,6.24,4.81,3,63,3.44,7.95,3
31,4.54,2.23,3,56,3.44,5.07,3
23,9.52,2.35,2,24,3.85,3.06,3
51,9.16,3.58,3,8,6.99,7.38,2
39,9.0,4.86,0,80,6.74,5.81,2
36,5.37,9.78,4,7,6.29,2.34,3
44,8.2,9.68,1,15,6.04,2.88,3
40,7.32,5.73,3,99,3.63,4.87,3
40,5.23,2.58,1,96,3.86,5.23,1
26,4.16,3.58,2,77,0.22,6.87,3
53,5.08,0.47,2,40,1.29,1.69,3
40,6.62,2.89,1,44,9.64,4.14,2
32,6.97,8.25,4,75,0.05,5.46,0
67,9.19,1.38,3,58,7.84,3.96,1
32,7.87,1.78,2,35,1.21,2.11,3
19,9.0,1.44,4,95,2.6,6.57,1
68,8.85,0.12,4,10,3.97,0.4,3
64,4.8,4.57,1,112,3.59,4.25,1
49,6.81,0.56,4,82,1.58,7.81,1
22,6.96,0.72,2,114,2.45,4.11,1
62,7.31,2.46,3,48,7.53,0.1,1
36,7.11,2.65,4,66,5.44,4.64,1
53,8.69,1.16,3,119,6.52,7.35,1
35,8.51,1.92,1,118,8.88,7.49,1
68,9.06,9.53,3,106,9.61,4.86,2
52,4.67,2.15,4,95,5.06,7.86,1
19,5.99,5.16,4,5,6.62,0.01,3
35,4.53,0.6,4,47,2.01,6.32,1
62,4.71,6.85,4,36,0.56,5.32,0
22,7.17,3.74,2,106,9.67,5.75,1
35,9.59,0.21,0,40,1.34,0.98,1
57,5.18,7.46,2,38,9.2,6.66,2
64,7.55,7.6,2,80,7.94,2.01,2
35,4.8,3.24,1,0,0.61,2.17,3
65,8.87,8.45,4,88,4.6,5.08,0
65,6.35,7.15,4,51,9.6,0.34,2
39,5.69,1.18,4,29,4.2,7.53,1
68,6.43,1.76,1,25,4.63,5.59,3
62,9.0,6.14,4,37,6.52,1.87,3
40,6.89,6.19,0,75,6.27,2.97,2
42,6.31,9.28,0,79,3.65,5.87,0
47,6.6,2.19,1,45,9.06,6.25,1
69,7.92,5.52,1,21,7.76,2.46,3
38,4.43,4.91,3,105,2.62,6.1,1
53,9.72,1.95,2,61,8.65,0.53,1
55,9.83,1.88,2,16,8.9,4.7,2
54,6.7,7.91,1,4,9.69,0.4,3
25,9.33,7.96,4,50,2.7,0.11,3
45,6.07,5.78,4,4,7.01,2.11,3
18,7.0,2.07,0,89,7.89,2.47,1
37,5.78,1.48,2,46,2.87,1.45,3
35,8.75,3.84,1,60,9.52,2.53,2
50,5.12,5.23,0,71,0.01,5.62,3
67,5.65,9.67,2,87,1.17,2.91,0
54,9.37,6.26,0,96,1.44,1.35,2
47,7.23,8.46,0,78,0.4,3.39,0
49,5.17,4.16,0,1,4.78,2.99,3
49,7.94,5.74,3,21,2.57,6.73,3
65,5.1,0.08,1,22,5.93,6.85,1
66,8.23,1.25,1,41,8.93,6.09,1
58,4.92,3.2,1,78,1.07,3.48,3
49,5.54,7.72,1,91,0.86,5.02,0
39,4.07,2.01,3,118,4.11,1.54,1
31,7.88,6.89,3,99,3.89,1.27,3
49,4.58,2.7,2,18,9.58,7.71,1
31,5.86,4.66,2,5,4.82,6.68,3
24,9.49,0.56,4,58,9.95,6.29,1
46,4.17,9.94,2,93,8.77,3.63,2
28,4.68,8.54,2,49,6.81,6.29,0
23,6.88,6.0,2,56,5.02,1.49,3
66,7.95,4.98,2,74,8.57,2.23,2
50,5.96,4.12,2,70,6.36,3.53,3
69,8.65,5.1,4,63,2.8,2.59,3
26,6.41,2.22,0,93,2.83,2.04,1
57,4.58,5.65,1,117,2.18,0.51,1
50,8.39,3.46,0,85,0.66,0.92,1
43,7.8,8.18,0,48,9.38,5.25,2
49,4.67,7.77,4,21,1.06,0.23,3
24,8.55,6.68,0,34,1.58,2.49,3
69,7.94,1.14,4,62,9.1,4.84,1
19,7.41,5.09,1,32,2.98,1.79,3
43,7.97,2.49,0,52,3.53,1.15,1
24,4.51,8.27,2,45,7.74,1.21,3
60,9.81,3.49,1,84,5.97,0.03,1
24,4.82,7.74,0,82,5.46,5.25,2
40,6.02,4.12,4,95,8.5,2.03,1
42,4.46,0.95,0,109,9.72,4.24,1
39,9.88,9.24,3,98,0.78,6.84,0
38,6.15,0.71,3,71,8.21,7.74,1
35,7.54,5.31,0,23,6.44,4.08,3
38,9.7,0.55,1,38,4.15,4.21,1
37,5.94,1.18,0,36,4.87,2.39,3
20,4.53,3.4,1,95,2.55,3.65,1
67,7.25,1.04,2,26,1.33,7.99,3
27,6.6,3.54,3,36,1.12,7.96,3
35,8.68,1.23,4,47,9.59,7.74,1
29,6.7,8.43,2,13,5.95,4.63,3
68,4.74,7.86,2,1,8.19,0.86,3
20,5.34,0.64,0,23,2.61,5.11,3
66,5.38,0.76,2,91,7.8,4.33,1
36,8.74,1.21,4,38,9.19,2.98,1
20,8.49,8.1,4,46,6.27,2.67,2
36,9.29,4.64,2,98,8.23,7.21,1
67,4.74,3.97,4,61,6.34,1.18,3
44,7.99,8.93,3,60,3.73,0.25,3
68,8.23,2.02,1,77,0.14,4.24,1
45,6.27,0.42,2,66,4.88,4.79,1
45,4.41,6.94,1,117,8.8,7.48,1
46,9.82,3.58,1,74,4.41,3.38,2
24,9.78,0.09,2,48,2.14,1.7,1
28,9.74,1.64,4,112,4.72,7.74,1
20,8.33,6.44,3,15,9.72,7.15,2
34,9.83,0.4,2,55,9.18,7.55,1
38,4.96,4.84,2,28,5.8,7.11,3
45,4.15,2.23,1,2,9.26,2.57,3
69,8.1,6.98,0,68,1.99,4.81,3
58,9.99,6.48,1,40,0.49,5.25,3
53,4.58,4.84,1,53,8.5,1.37,3
37,6.47,9.05,1,4,3.71,4.68,3
20,9.8,5.83,1,52,1.96,6.48,2
65,6.49,5.15,3,7,2.02,7.91,3
46,6.71,1.27,0,58,1.0,3.0,3
66,4.43,1.49,4,95,9.91,3.32,1
50,9.75,2.38,4,54,9.54,4.1,1
52,7.75,0.81,3,79,8.95,6.94,1
24,6.77,1.38,0,81,0.47,2.99,1
68,9.76,9.96,4,61,2.39,7.29,0
33,7.27,0.75,2,67,7.87,4.7,1
50,7.86,8.07,1,20,6.16,1.85,3
38,5.63,0.44,2,4,2.05,4.49,3
43,4.52,8.42,1,35,1.3,3.16,0
39,5.8,1.61,1,111,6.87,7.29,1
44,8.83,0.15,3,60,4.23,0.9,1
54,7.56,0.32,0,50,3.07,7.1,1
42,8.0,0.35,2,70,0.25,3.59,1
66,4.53,3.11,0,53,2.57,1.05,3
36,7.68,6.88,4,54,9.01,3.61,2
21,9.08,9.86,3,7,0.92,0.72,3
62,7.35,6.05,4,112,8.84,3.41,1
20,9.82,8.24,2,67,3.27,4.06,2
59,7.33,0.99,3,0,9.85,6.31,1
67,4.65,5.92,0,116,0.53,7.94,0
31,5.74,2.22,0,85,7.72,2.0,1
64,5.9,3.8,1,69,0.84,3.56,3
20,8.08,8.93,0,86,2.97,0.84,2
68,6.79,7.41,3,90,0.09,5.3,0
18,7.01,5.99,2,12,2.03,2.19,3
64,7.89,0.19,2,54,9.4,4.51,1
42,6.21,8.59,1,3,8.85,3.53,3
32,7.58,6.93,0,59,6.61,1.84,2
69,8.46,1.68,2,100,7.69,6.02,1
42,9.97,7.7,2,5,2.7,5.92,3
36,7.41,7.81,0,88,2.44,4.64,2
23,7.55,7.38,0,118,1.11,0.86,2
67,7.2,6.72,1,0,6.12,4.78,3
34,6.95,2.97,1,111,1.11,7.04,1
59,7.78,8.46,3,109,3.25,3.93,0
40,8.71,7.2,1,92,9.07,0.95,2
52,8.59,0.69,2,118,3.02,3.73,1
22,8.91,9.15,2,5,4.29,4.58,3
67,5.75,3.94,3,50,4.37,4.27,3
66,9.55,5.09,2,105,9.74,0.73,2
66,9.41,7.98,2,104,4.02,5.57,2
42,7.85,7.25,0,45,1.18,2.52,3
25,8.52,4.37,0,83,4.27,2.8,2
44,8.85,2.61,4,55,8.98,0.38,1
47,6.26,4.47,1,112,8.96,1.11,1
20,8.39,3.31,4,98,6.67,0.19,1
48,8.13,7.95,1,19,6.92,3.06,3
19,9.3,6.44,3,54,4.7,1.24,3
45,7.24,4.56,2,12,8.34,4.04,3
55,9.84,9.77,2,9,1.67,3.97,3
48,7.31,3.75,1,96,1.03,6.95,1
57,8.23,4.38,0,47,8.53,3.65,2
40,5.26,2.53,1,16,0.63,4.44,3
55,5.25,7.81,2,6,6.47,7.6,3
19,5.2,4.1,0,116,4.04,1.19,1
34,5.43,8.47,1,78,0.45,7.85,0
52,8.86,0.6,2,10,1.83,4.36,3
57,9.99,5.95,4,86,2.65,4.32,1
34,6.85,0.78,0,95,8.58,2.5,1
55,7.23,7.24,2,36,0.32,5.41,3
57,5.97,8.87,4,90,9.49,6.85,2
61,4.59,7.28,1,58,7.99,0.78,3
43,5.51,2.44,0,108,0.97,2.88,1
41,9.5,5.36,2,98,7.08,3.44,2
41,9.73,5.09,4,31,1.17,3.12,3
30,6.53,8.34,3,29,6.41,0.72,3
25,5.72,3.85,2,113,4.14,6.49,1
40,7.36,4.4,4,25,7.42,4.52,3
38,8.96,4.09,2,15,9.94,1.33,2
27,6.15,1.5,1,80,0.96,1.43,1
58,4.77,0.2,4,39,1.76,2.73,3
38,6.2,9.8,1,59,2.51,3.28,0
50,6.77,5.82,1,35,9.91,2.23,2
28,5.13,1.86,0,98,6.42,1.32,1
51,5.51,5.04,3,101,0.75,4.29,0
36,7.8,5.02,4,63,2.2,5.33,3
26,5.95,6.32,3,103,5.89,5.8,1
26,7.48,6.11,3,0,1.67,0.15,3
66,6.26,4.83,4,29,2.13,3.94,3
37,5.11,7.66,3,20,8.28,7.9,3
60,7.0,6.95,0,66,8.5,6.66,2
18,6.94,6.15,1,80,1.59,6.52,3
28,9.55,0.88,2,67,4.21,6.4,1
64,5.97,4.77,4,24,4.0,3.45,3
58,6.47,0.28,0,5,5.45,3.65,3
39,6.24,9.21,0,104,1.5,6.06,0
30,6.14,1.51,3,37,5.02,7.17,1
23,5.73,7.68,3,76,7.83,1.19,2
24,4.97,4.87,4,47,7.86,3.77,3
68,8.96,1.44,4,103,7.61,0.5,1
36,6.76,1.82,1,14,7.92,3.12,3
68,8.94,4.21,0,16,5.96,4.72,3
42,9.6,6.71,2,23,1.45,1.41,3
59,7.92,1.04,3,99,5.07,2.44,1
46,5.65,9.23,2,63,6.28,0.03,3
44,4.93,1.17,4,8,6.54,7.63,3
40,5.05,8.89,2,15,8.95,0.5,3
25,6.81,8.2,3,5,3.01,6.22,3
60,4.91,3.93,2,86,9.55,6.99,1
59,4.71,9.57,1,0,2.78,5.16,0
49,4.99,1.2,1,57,9.82,0.47,1
69,5.18,0.03,1,72,4.54,3.22,1
62,8.05,9.36,1,56,2.72,0.98,3
37,6.75,0.15,1,79,6.43,4.16,1
50,9.15,3.74,2,107,1.7,4.86,1
21,6.13,8.95,4,26,6.82,7.81,0
63,8.73,7.48,1,115,1.07,7.54,2
23,8.22,8.81,2,76,6.07,5.41,2
57,9.03,0.56,4,113,0.81,6.61,1
41,7.49,1.66,2,73,5.4,2.37,1
67,8.45,6.89,0,57,5.69,2.95,2
18,6.39,8.12,0,73,0.06,6.84,0
42,9.79,5.49,3,2,9.88,5.94,2
64,7.07,7.67,4,59,9.71,3.41,2
50,6.93,1.85,2,111,3.41,1.56,1
38,4.62,7.77,4,17,6.55,3.7,0
39,8.13,6.47,2,41,4.79,7.97,3
64,8.93,2.79,2,26,4.49,7.18,3
37,7.25,5.11,1,48,4.98,7.93,3
23,8.27,8.29,4,12,6.96,3.5,3
32,8.57,8.28,1,59,5.72,7.77,2
36,6.98,4.1,3,114,0.23,7.66,1
35,6.88,2.62,0,84,2.23,5.39,1
25,9.11,4.45,2,65,0.13,7.88,1
38,6.24,3.49,2,9,3.58,7.65,3
64,4.08,1.0,1,105,4.35,7.98,1
19,4.64,9.01,3,55,0.77,4.99,0
26,6.41,0.9,3,109,2.18,5.86,1
52,8.43,2.83,1,109,7.93,7.38,1
50,9.2,3.18,3,2,2.79,1.44,3
60,5.73,9.51,3,37,8.99,0.69,2
33,8.79,2.13,3,100,6.23,0.79,1
18,9.1,4.16,2,96,5.92,0.99,1
69,4.08,3.29,0,94,5.56,4.1,1
57,7.03,4.43,1,83,6.53,5.22,1
63,4.71,9.4,2,99,9.04,4.72,2
29,9.39,6.18,4,2,0.99,6.11,3
22,7.01,5.52,3,36,2.31,0.59,3
49,7.54,3.62,4,88,0.97,6.4,1
45,6.71,8.78,1,61,2.58,6.7,0
66,9.98,4.02,3,76,5.49,5.33,1
68,5.0,5.11,3,70,7.35,2.01,3
23,7.77,7.45,4,19,0.87,6.42,0
36,6.57,4.32,2,87,4.22,4.49,1
27,7.67,0.54,2,47,6.7,6.38,1
24,4.12,1.26,2,113,1.56,3.11,1
58,5.56,0.87,4,98,7.62,0.03,1
64,4.86,1.19,2,92,6.3,3.68,1
66,6.26,4.17,0,42,4.59,6.09,3
68,8.69,3.71,1,92,7.65,7.55,1
59,7.88,1.56,0,84,4.13,1.59,1
38,4.88,9.21,1,37,5.24,4.88,0
45,6.42,6.67,1,85,9.42,6.33,2
49,4.31,7.79,1,17,1.33,1.58,3
29,7.53,6.55,3,101,7.53,1.41,2
38,8.67,9.53,1,79,1.75,7.43,0
51,9.98,7.92,2,3,6.99,5.32,2
38,8.83,9.7,4,11,0.12,0.58,3
19,7.49,5.36,4,28,2.94,1.29,3
41,9.59,2.6,4,68,0.57,3.02,1
24,7.79,9.69,3,6,4.97,4.0,3
43,8.84,8.33,1,0,8.72,3.23,2
32,7.44,5.98,0,72,6.39,0.93,2
21,5.15,8.71,0,59,4.59,4.85,0
66,6.39,2.81,4,20,6.81,7.17,3
60,7.52,9.88,2,103,2.1,6.33,0
39,6.26,2.93,3,14,6.59,0.87,3
62,4.29,8.63,4,6,2.97,1.58,0
66,6.07,0.44,3,55,2.91,2.44,1
40,6.38,1.01,2,87,5.54,7.84,1
66,4.25,4.78,4,63,3.65,6.09,3
35,4.86,4.04,0,42,3.67,5.57,3
52,5.05,8.55,3,89,0.87,2.92,0
66,6.35,8.65,1,26,8.98,0.73,2
52,7.09,0.51,4,20,3.83,0.08,3
22,4.63,8.22,3,45,5.49,1.0,3
64,9.36,1.64,4,26,7.72,3.92,1
40,9.7,0.54,0,97,8.95,5.24,1
22,4.59,2.76,2,70,1.04,6.1,1
63,6.69,9.97,3,8,7.12,6.81,0
54,9.81,9.05,1,88,9.24,6.44,2
32,5.68,8.33,4,66,0.96,2.07,0
19,6.8,5.93,4,68,4.61,4.45,3
38,9.29,0.23,1,26,9.35,0.31,1
21,8.57,0.12,3,39,9.92,2.17,1
56,6.44,5.65,1,38,3.29,4.88,3
26,8.06,5.24,2,32,7.09,4.79,3
59,6.74,4.94,4,78,2.81,5.48,3
35,6.46,6.98,0,43,9.59,1.87,2
54,7.36,5.95,0,65,6.45,7.1,2
34,9.08,1.75,4,107,6.29,1.21,1
57,5.56,3.25,3,45,8.7,2.61,1
60,4.33,7.97,1,36,2.54,1.59,3
52,5.6,8.83,0,26,6.43,5.29,3
19,5.04,8.83,4,99,4.84,5.17,0
62,5.86,0.14,0,12,6.86,2.1,1
40,9.53,8.12,4,16,6.55,2.38,2
69,6.59,6.62,0,81,3.64,4.72,3
45,5.19,5.7,0,14,1.99,3.78,3
51,8.66,2.32,0,82,8.54,3.3,1
67,4.48,3.74,1,75,7.71,5.22,1
45,6.94,7.86,4,43,3.98,4.33,3
49,6.66,4.32,0,85,9.43,1.62,1
48,9.23,5.78,0,5,8.59,3.22,2
45,5.59,2.58,0,110,3.91,5.11,1
32,5.74,6.5,4,90,1.91,2.94,3
24,9.75,8.22,0,92,8.79,4.45,2
37,5.47,9.71,3,52,1.74,6.12,0
23,8.01,5.81,3,9,8.97,5.54,3
35,6.4,2.18,1,111,7.92,1.02,1
62,4.79,8.2,0,117,4.99,4.15,2
18,8.86,7.14,4,102,5.1,1.87,1
54,5.69,9.37,0,56,1.67,1.45,0
63,9.48,1.24,1,98,7.32,1.08,1
60,9.23,9.76,3,119,7.7,1.44,2
51,5.07,1.19,3,116,3.06,6.53,1
39,8.03,1.96,4,80,9.32,1.36,1
